pole_id,lat,lon,feeder_id,dt_id,seq_on_line,parent_pole_id,pole_type,ward,pincode,device_id
P-c3ca56,12.972635,77.584853,F-01-01,D-010101,1,,LT-8m-Steel,W-021,560082,KSPDB-D-010101-P-c3ca56
P-5027ea,12.972407,77.584558,F-01-01,D-010101,2,P-c3ca56,LT-8m-Steel,W-087,560052,KSPDB-D-010101-P-5027ea
P-bddc15,12.97224,77.584312,F-01-01,D-010101,3,P-5027ea,LT-8m-Steel,W-097,560098,KSPDB-D-010101-P-bddc15
P-e0a4f9,12.972082,77.584051,F-01-01,D-010101,4,P-bddc15,LT-9m-Steel,W-011,560054,KSPDB-D-010101-P-e0a4f9
P-83b9ec,12.97188,77.583837,F-01-01,D-010101,5,P-e0a4f9,LT-9m-PCC,W-013,560019,KSPDB-D-010101-P-83b9ec
P-efe6aa,12.971666,77.583577,F-01-01,D-010101,6,P-83b9ec,LT-8m-Steel,W-078,560086,KSPDB-D-010101-P-efe6aa
P-8cf2b1,12.971458,77.583352,F-01-01,D-010101,7,P-efe6aa,LT-8m-Steel,W-100,560091,KSPDB-D-010101-P-8cf2b1
P-f54f69,12.971186,77.583628,F-01-01,D-010101,8,P-8cf2b1,LT-8m-Steel,W-101,560072,KSPDB-D-010101-P-f54f69
P-7fbad0,12.970928,77.583875,F-01-01,D-010101,9,P-f54f69,LT-9m-PCC,W-046,560058,KSPDB-D-010101-P-7fbad0
P-3202b8,12.970695,77.584105,F-01-01,D-010101,10,P-7fbad0,LT-8m-Steel,W-024,560094,KSPDB-D-010101-P-3202b8
P-4321fb,12.970419,77.584383,F-01-01,D-010101,11,P-3202b8,LT-8m-Steel,W-011,560047,KSPDB-D-010101-P-4321fb
P-274e5c,12.970149,77.584664,F-01-01,D-010101,12,P-4321fb,LT-9m-PCC,W-092,560044,KSPDB-D-010101-P-274e5c
P-2a784a,12.971287,77.583122,F-01-01,D-010101,13,P-8cf2b1,LT-9m-PCC,W-049,560091,KSPDB-D-010101-P-2a784a
P-61bc40,12.971516,77.5835,F-01-01,D-010101,14,P-2a784a,LT-9m-PCC,W-095,560056,KSPDB-D-010101-P-61bc40
P-1afdce,12.971694,77.583834,F-01-01,D-010101,15,P-61bc40,LT-9m-PCC,W-012,,KSPDB-D-010101-P-1afdce
P-4dcb7c,12.97192,77.584139,F-01-01,D-010101,16,P-1afdce,LT-8m-Steel,W-057,560044,KSPDB-D-010101-P-4dcb7c
P-64904c,12.971093,77.582887,F-01-01,D-010101,17,P-2a784a,LT-9m-PCC,W-017,560065,KSPDB-D-010101-P-64904c
P-476c94,12.970934,77.58259,F-01-01,D-010101,18,P-64904c,LT-8m-Steel,W-072,560062,KSPDB-D-010101-P-476c94
P-3cf755,12.970759,77.582311,F-01-01,D-010101,19,P-476c94,LT-9m-PCC,W-004,560080,KSPDB-D-010101-P-3cf755
P-77674b,12.970556,77.582103,F-01-01,D-010101,20,P-3cf755,LT-9m-PCC,W-077,560051,KSPDB-D-010101-P-77674b
P-bb156f,12.970348,77.581832,F-01-01,D-010101,21,P-77674b,LT-8m-Steel,W-002,560059,KSPDB-D-010101-P-bb156f
P-edebc9,12.970123,77.581614,F-01-01,D-010101,22,P-bb156f,LT-9m-PCC,W-093,560041,KSPDB-D-010101-P-edebc9
P-9ee6ab,12.969934,77.581316,F-01-01,D-010101,23,P-edebc9,LT-9m-Steel,W-067,560058,KSPDB-D-010101-P-9ee6ab
P-afb99c,12.969763,77.581086,F-01-01,D-010101,24,P-9ee6ab,LT-9m-PCC,W-018,560044,
P-f8dea5,12.969584,77.580874,F-01-01,D-010101,25,P-afb99c,LT-8m-Steel,W-019,560065,KSPDB-D-010101-P-f8dea5
P-2aecad,12.969368,77.580584,F-01-01,D-010101,26,P-f8dea5,LT-8m-Steel,W-054,560019,KSPDB-D-010101-P-2aecad
P-cb9cf6,12.969193,77.580358,F-01-01,D-010101,27,P-2aecad,LT-8m-Steel,W-033,560090,
P-3f97a9,12.969024,77.580091,F-01-01,D-010101,28,P-cb9cf6,LT-8m-Steel,W-077,560068,KSPDB-D-010101-P-3f97a9
P-70432e,12.968807,77.579838,F-01-01,D-010101,29,P-3f97a9,LT-9m-PCC,W-018,560060,KSPDB-D-010101-P-70432e
P-62a9de,12.968666,77.579549,F-01-01,D-010101,30,P-70432e,LT-8m-Steel,W-108,560052,
P-dd9d6e,12.968507,77.579307,F-01-01,D-010101,31,P-62a9de,LT-8m-Steel,W-043,560093,KSPDB-D-010101-P-dd9d6e
P-7aad7b,12.968338,77.579051,F-01-01,D-010101,32,P-dd9d6e,LT-9m-Steel,W-018,560087,KSPDB-D-010101-P-7aad7b
P-834336,12.968165,77.578846,F-01-01,D-010101,33,P-7aad7b,LT-9m-Steel,W-026,560032,KSPDB-D-010101-P-834336
P-574b86,12.967946,77.578634,F-01-01,D-010101,34,P-834336,LT-8m-Steel,W-041,560098,KSPDB-D-010101-P-574b86
P-7eb796,12.967796,77.578364,F-01-01,D-010101,35,P-574b86,LT-9m-Steel,W-063,560041,KSPDB-D-010101-P-7eb796
P-b7609a,12.967581,77.57806,F-01-01,D-010101,36,P-7eb796,LT-8m-Steel,W-049,560060,KSPDB-D-010101-P-b7609a
P-f1afaa,12.97551,77.600576,F-01-01,D-010102,,,LT-8m-Steel,W-015,560035,KSPDB-D-010102-P-f1afaa
P-9bff38,12.975774,77.600464,F-01-01,D-010102,,,LT-9m-Steel,W-070,560080,KSPDB-D-010102-P-9bff38
P-ce9a2c,12.97598,77.600305,F-01-01,D-010102,,,LT-9m-PCC,W-094,560036,KSPDB-D-010102-P-ce9a2c
P-d4e69f,12.976225,77.60049,F-01-01,D-010102,,,LT-8m-Steel,W-103,560098,KSPDB-D-010102-P-d4e69f
P-f3a917,12.97653,77.60077,F-01-01,D-010102,,,LT-9m-PCC,W-105,560062,KSPDB-D-010102-P-f3a917
P-0a0868,12.976752,77.601,F-01-01,D-010102,,,LT-9m-Steel,W-064,560048,KSPDB-D-010102-P-0a0868
P-0f972c,12.976972,77.60126,F-01-01,D-010102,,,LT-9m-PCC,W-033,560064,KSPDB-D-010102-P-0f972c
P-7737e2,12.976268,77.600125,F-01-01,D-010102,,,LT-8m-Steel,W-010,560086,KSPDB-D-010102-P-7737e2
P-06ec10,12.976532,77.599959,F-01-01,D-010102,,,LT-8m-Steel,W-075,560074,KSPDB-D-010102-P-06ec10
P-90cec3,12.976784,77.599787,F-01-01,D-010102,,,LT-9m-Steel,W-054,560056,KSPDB-D-010102-P-90cec3
P-c77b05,12.977067,77.599615,F-01-01,D-010102,,,LT-9m-Steel,W-115,560086,KSPDB-D-010102-P-c77b05
P-c03eb9,12.977378,77.59949,F-01-01,D-010102,,,LT-9m-Steel,W-118,560041,KSPDB-D-010102-P-c03eb9
P-960c2a,12.97764,77.599309,F-01-01,D-010102,,,LT-9m-Steel,W-086,560092,KSPDB-D-010102-P-960c2a
P-929a64,12.977882,77.599177,F-01-01,D-010102,,,LT-9m-Steel,W-006,560092,KSPDB-D-010102-P-929a64
P-970541,12.978112,77.598991,F-01-01,D-010102,,,LT-9m-Steel,W-083,560052,KSPDB-D-010102-P-970541
P-af126f,12.978343,77.598892,F-01-01,D-010102,,,LT-8m-Steel,W-014,,KSPDB-D-010102-P-af126f
P-e39344,12.978557,77.598724,F-01-01,D-010102,,,LT-8m-Steel,W-029,560076,KSPDB-D-010102-P-e39344
P-9e5e88,12.978787,77.598544,F-01-01,D-010102,,,LT-9m-Steel,W-075,560038,KSPDB-D-010102-P-9e5e88
P-e719ec,12.979053,77.5984,F-01-01,D-010102,,,LT-8m-Steel,W-048,560096,KSPDB-D-010102-P-e719ec
P-f90d0a,12.979345,77.598226,F-01-01,D-010102,,,LT-9m-Steel,W-089,560054,
P-ddd6b4,12.979281,77.598117,F-01-01,D-010102,,,LT-9m-PCC,W-062,560063,KSPDB-D-010102-P-ddd6b4
P-39a8aa,12.979195,77.598071,F-01-01,D-010102,,,LT-9m-PCC,W-015,560028,KSPDB-D-010102-P-39a8aa
P-a346b8,12.979047,77.598032,F-01-01,D-010102,,,LT-8m-Steel,W-040,560036,KSPDB-D-010102-P-a346b8
P-7218ca,12.978977,77.597929,F-01-01,D-010102,,,LT-9m-Steel,W-062,560022,KSPDB-D-010102-P-7218ca
P-5599f3,12.978842,77.597871,F-01-01,D-010102,,,LT-8m-Steel,W-093,560050,KSPDB-D-010102-P-5599f3
P-7a0d4b,12.979567,77.598052,F-01-01,D-010102,,,LT-9m-PCC,W-039,560024,KSPDB-D-010102-P-7a0d4b
P-b7ba79,12.979865,77.597866,F-01-01,D-010102,,,LT-9m-PCC,W-109,560023,KSPDB-D-010102-P-b7ba79
P-f30ab7,12.973336,77.607709,F-01-01,D-010103,1,,LT-9m-Steel,W-103,560041,KSPDB-D-010103-P-f30ab7
P-4f7b5b,12.973654,77.607961,F-01-01,D-010103,2,P-f30ab7,LT-9m-Steel,W-023,560052,KSPDB-D-010103-P-4f7b5b
P-1b8b2e,12.974033,77.608235,F-01-01,D-010103,3,P-4f7b5b,LT-9m-Steel,W-055,560039,
P-21389a,12.974357,77.608525,F-01-01,D-010103,4,P-1b8b2e,LT-8m-Steel,W-081,560091,KSPDB-D-010103-P-21389a
P-cf7421,12.974737,77.608829,F-01-01,D-010103,5,P-21389a,LT-9m-Steel,W-056,560088,KSPDB-D-010103-P-cf7421
P-5afcaf,12.975029,77.609106,F-01-01,D-010103,6,P-cf7421,LT-9m-PCC,W-058,560059,KSPDB-D-010103-P-5afcaf
P-22dca9,12.975366,77.609409,F-01-01,D-010103,7,P-5afcaf,LT-9m-PCC,W-091,560045,KSPDB-D-010103-P-22dca9
P-e79dfc,12.975648,77.609717,F-01-01,D-010103,8,P-22dca9,LT-9m-Steel,W-104,560083,KSPDB-D-010103-P-e79dfc
P-2c7c26,12.976013,77.609979,F-01-01,D-010103,9,P-e79dfc,LT-9m-PCC,W-103,560033,KSPDB-D-010103-P-2c7c26
P-ccc912,12.976297,77.610245,F-01-01,D-010103,10,P-2c7c26,LT-8m-Steel,W-042,560024,KSPDB-D-010103-P-ccc912
P-1fb2c4,12.976644,77.610515,F-01-01,D-010103,11,P-ccc912,LT-8m-Steel,W-086,560077,
P-6bafd4,12.976479,77.610573,F-01-01,D-010103,12,P-1fb2c4,LT-9m-Steel,W-041,560088,KSPDB-D-010103-P-6bafd4
P-7fc7e1,12.97631,77.610641,F-01-01,D-010103,13,P-6bafd4,LT-8m-Steel,W-076,560055,KSPDB-D-010103-P-7fc7e1
P-aa677f,12.976178,77.610677,F-01-01,D-010103,14,P-7fc7e1,LT-8m-Steel,W-080,560096,KSPDB-D-010103-P-aa677f
P-f5b346,12.976023,77.610715,F-01-01,D-010103,15,P-aa677f,LT-9m-Steel,W-103,560088,KSPDB-D-010103-P-f5b346
P-0c1bdb,12.975834,77.610799,F-01-01,D-010103,16,P-f5b346,LT-9m-Steel,W-011,560050,KSPDB-D-010103-P-0c1bdb
P-1ddf3a,12.978912,77.604408,F-01-02,D-010201,1,,LT-9m-PCC,W-031,560033,KSPDB-D-010201-P-1ddf3a
P-57e28f,12.9786,77.604172,F-01-02,D-010201,2,P-1ddf3a,LT-8m-Steel,W-089,560059,KSPDB-D-010201-P-57e28f
P-c18501,12.978323,77.603982,F-01-02,D-010201,3,P-57e28f,LT-8m-Steel,W-077,560059,
P-e4610b,12.97804,77.60373,F-01-02,D-010201,4,P-c18501,LT-8m-Steel,W-024,560078,KSPDB-D-010201-P-e4610b
P-1a7148,12.97772,77.603546,F-01-02,D-010201,5,P-e4610b,LT-9m-Steel,W-118,560032,KSPDB-D-010201-P-1a7148
P-21cbf4,12.977383,77.603305,F-01-02,D-010201,6,P-1a7148,LT-9m-Steel,W-022,560027,KSPDB-D-010201-P-21cbf4
P-baaaed,12.977112,77.603136,F-01-02,D-010201,7,P-21cbf4,LT-9m-PCC,W-041,560089,
P-b33d2f,12.97689,77.60302,F-01-02,D-010201,8,P-baaaed,LT-9m-PCC,W-111,560011,
P-17d873,12.97665,77.602841,F-01-02,D-010201,9,P-b33d2f,LT-8m-Steel,W-018,560059,KSPDB-D-010201-P-17d873
P-59929f,12.976451,77.602641,F-01-02,D-010201,10,P-17d873,LT-9m-Steel,W-065,560062,KSPDB-D-010201-P-59929f
P-7fcaa0,12.976224,77.602523,F-01-02,D-010201,11,P-59929f,LT-9m-Steel,W-063,560066,KSPDB-D-010201-P-7fcaa0
P-917497,12.975935,77.602353,F-01-02,D-010201,12,P-7fcaa0,LT-8m-Steel,W-022,560013,KSPDB-D-010201-P-917497
P-13bbf8,12.977046,77.603155,F-01-02,D-010201,13,P-21cbf4,LT-9m-PCC,W-038,560038,KSPDB-D-010201-P-13bbf8
P-bcca93,12.976741,77.602976,F-01-02,D-010201,14,P-13bbf8,LT-9m-Steel,W-037,560068,KSPDB-D-010201-P-bcca93
P-1b990a,12.976401,77.602822,F-01-02,D-010201,15,P-bcca93,LT-9m-Steel,W-096,560073,KSPDB-D-010201-P-1b990a
P-c96a35,12.976066,77.602572,F-01-02,D-010201,16,P-1b990a,LT-9m-Steel,W-066,560024,KSPDB-D-010201-P-c96a35
P-c7f5f3,12.975773,77.602364,F-01-02,D-010201,17,P-c96a35,LT-8m-Steel,W-100,560056,KSPDB-D-010201-P-c7f5f3
P-a27577,12.97609,77.602613,F-01-02,D-010201,18,P-c7f5f3,LT-9m-Steel,W-106,560066,KSPDB-D-010201-P-a27577
P-148805,12.976339,77.602794,F-01-02,D-010201,19,P-a27577,LT-9m-Steel,W-028,560023,
P-267b7f,12.976576,77.603031,F-01-02,D-010201,20,P-148805,LT-9m-Steel,W-107,560041,KSPDB-D-010201-P-267b7f
P-a18034,12.976896,77.603228,F-01-02,D-010201,21,P-267b7f,LT-8m-Steel,W-112,560067,KSPDB-D-010201-P-a18034
P-4b7738,12.975487,77.602127,F-01-02,D-010201,22,P-c7f5f3,LT-8m-Steel,W-045,560021,KSPDB-D-010201-P-4b7738
P-88d728,12.975226,77.601976,F-01-02,D-010201,23,P-4b7738,LT-8m-Steel,W-111,560040,KSPDB-D-010201-P-88d728
P-f1c0f9,12.974968,77.601725,F-01-02,D-010201,24,P-88d728,LT-9m-PCC,W-104,560098,KSPDB-D-010201-P-f1c0f9
P-4b2d1d,12.974651,77.60157,F-01-02,D-010201,25,P-f1c0f9,LT-8m-Steel,W-111,560090,KSPDB-D-010201-P-4b2d1d
P-6a006b,12.974391,77.601402,F-01-02,D-010201,26,P-4b2d1d,LT-8m-Steel,W-022,560036,KSPDB-D-010201-P-6a006b
P-642c5b,12.987267,77.608104,F-01-02,D-010202,,,LT-9m-PCC,W-104,560054,
P-f16623,12.987073,77.608386,F-01-02,D-010202,,,LT-9m-Steel,W-036,560031,
P-b57e03,12.986818,77.608708,F-01-02,D-010202,,,LT-8m-Steel,W-091,560083,KSPDB-D-010202-P-b57e03
P-4dbf97,12.986608,77.609019,F-01-02,D-010202,,,LT-8m-Steel,W-110,560096,KSPDB-D-010202-P-4dbf97
P-f88484,12.98638,77.609263,F-01-02,D-010202,,,LT-9m-PCC,W-018,560062,KSPDB-D-010202-P-f88484
P-f7c26e,12.986145,77.609564,F-01-02,D-010202,,,LT-9m-PCC,W-036,560026,KSPDB-D-010202-P-f7c26e
P-b23ac0,12.985886,77.609867,F-01-02,D-010202,,,LT-9m-Steel,W-111,560028,KSPDB-D-010202-P-b23ac0
P-3693d2,12.985706,77.610153,F-01-02,D-010202,,,LT-9m-Steel,W-042,560096,KSPDB-D-010202-P-3693d2
P-409d68,12.985455,77.610488,F-01-02,D-010202,,,LT-8m-Steel,W-063,560090,KSPDB-D-010202-P-409d68
P-3b9e5d,12.985197,77.610774,F-01-02,D-010202,,,LT-8m-Steel,W-081,560067,KSPDB-D-010202-P-3b9e5d
P-0994c0,12.985019,77.611087,F-01-02,D-010202,,,LT-9m-PCC,W-082,560021,KSPDB-D-010202-P-0994c0
P-546b52,12.984834,77.611348,F-01-02,D-010202,,,LT-8m-Steel,W-066,560098,KSPDB-D-010202-P-546b52
P-d2b3ad,12.98467,77.611685,F-01-02,D-010202,,,LT-8m-Steel,W-059,560051,KSPDB-D-010202-P-d2b3ad
P-74f938,12.984477,77.611939,F-01-02,D-010202,,,LT-9m-Steel,W-001,560021,KSPDB-D-010202-P-74f938
P-b4dc26,12.984268,77.612249,F-01-02,D-010202,,,LT-9m-Steel,W-059,560099,KSPDB-D-010202-P-b4dc26
P-ebd510,12.984078,77.612548,F-01-02,D-010202,,,LT-8m-Steel,W-109,560078,KSPDB-D-010202-P-ebd510
P-9a1cc6,12.983885,77.612828,F-01-02,D-010202,,,LT-8m-Steel,W-028,560037,KSPDB-D-010202-P-9a1cc6
P-9faa2c,12.983641,77.613128,F-01-02,D-010202,,,LT-8m-Steel,W-035,560046,KSPDB-D-010202-P-9faa2c
P-996470,12.983465,77.6134,F-01-02,D-010202,,,LT-8m-Steel,W-071,560082,KSPDB-D-010202-P-996470
P-e36fd8,12.983285,77.613705,F-01-02,D-010202,,,LT-8m-Steel,W-101,560097,KSPDB-D-010202-P-e36fd8
P-5a1756,12.983069,77.614016,F-01-02,D-010202,,,LT-9m-PCC,W-006,560068,KSPDB-D-010202-P-5a1756
P-967ef6,12.982889,77.614357,F-01-02,D-010202,,,LT-9m-PCC,W-016,560030,KSPDB-D-010202-P-967ef6
P-629a9e,12.982696,77.614627,F-01-02,D-010202,,,LT-8m-Steel,W-059,,KSPDB-D-010202-P-629a9e
P-d92e6c,12.982498,77.614878,F-01-02,D-010202,,,LT-8m-Steel,W-026,560026,
P-ed9ac9,12.98226,77.615151,F-01-02,D-010202,,,LT-9m-Steel,W-039,560045,
P-eabe1c,12.982012,77.615396,F-01-02,D-010202,,,LT-9m-PCC,W-084,560020,KSPDB-D-010202-P-eabe1c
P-949692,12.978405,77.609134,F-01-02,D-010203,1,,LT-8m-Steel,W-086,560031,KSPDB-D-010203-P-949692
P-81b079,12.978595,77.609093,F-01-02,D-010203,2,P-949692,LT-9m-PCC,W-051,560099,KSPDB-D-010203-P-81b079
P-d8795f,12.978719,77.609044,F-01-02,D-010203,3,P-81b079,LT-9m-PCC,W-055,560022,KSPDB-D-010203-P-d8795f
P-70bd5a,12.978868,77.608969,F-01-02,D-010203,4,P-d8795f,LT-9m-PCC,W-028,560026,
P-992ecf,12.978981,77.608849,F-01-02,D-010203,5,P-70bd5a,LT-9m-Steel,W-029,560066,KSPDB-D-010203-P-992ecf
P-9f9f7d,12.979137,77.608774,F-01-02,D-010203,6,P-992ecf,LT-9m-PCC,W-002,560025,KSPDB-D-010203-P-9f9f7d
P-2140ef,12.979317,77.608687,F-01-02,D-010203,7,P-9f9f7d,LT-8m-Steel,W-089,560019,KSPDB-D-010203-P-2140ef
P-ec88cc,12.979511,77.608598,F-01-02,D-010203,8,P-2140ef,LT-9m-PCC,W-050,560023,KSPDB-D-010203-P-ec88cc
P-bdd77e,12.979658,77.608481,F-01-02,D-010203,9,P-ec88cc,LT-9m-PCC,W-041,560048,KSPDB-D-010203-P-bdd77e
P-07a0f1,12.979805,77.608426,F-01-02,D-010203,10,P-bdd77e,LT-9m-PCC,W-049,560027,KSPDB-D-010203-P-07a0f1
P-ea7a3e,12.979935,77.608374,F-01-02,D-010203,11,P-07a0f1,LT-9m-Steel,W-087,560077,KSPDB-D-010203-P-ea7a3e
P-8790fc,12.98006,77.608286,F-01-02,D-010203,12,P-ea7a3e,LT-9m-Steel,W-002,560031,KSPDB-D-010203-P-8790fc
P-fb91f5,12.980185,77.608188,F-01-02,D-010203,13,P-8790fc,LT-8m-Steel,W-045,560090,KSPDB-D-010203-P-fb91f5
P-950762,12.980294,77.60807,F-01-02,D-010203,14,P-fb91f5,LT-9m-Steel,W-020,560088,KSPDB-D-010203-P-950762
P-43adce,12.98041,77.607959,F-01-02,D-010203,15,P-950762,LT-9m-Steel,W-057,560021,KSPDB-D-010203-P-43adce
P-35c572,12.980546,77.607874,F-01-02,D-010203,16,P-43adce,LT-9m-PCC,W-018,560085,KSPDB-D-010203-P-35c572
P-938f24,12.980515,77.608012,F-01-02,D-010203,17,P-35c572,LT-9m-Steel,W-050,560064,KSPDB-D-010203-P-938f24
P-bc0bc3,12.980478,77.608209,F-01-02,D-010203,18,P-938f24,LT-8m-Steel,W-102,560045,KSPDB-D-010203-P-bc0bc3
P-726add,12.980398,77.608445,F-01-02,D-010203,19,P-bc0bc3,LT-9m-Steel,W-011,560086,KSPDB-D-010203-P-726add
P-fedec3,12.980299,77.608622,F-01-02,D-010203,20,P-726add,LT-9m-Steel,W-093,560098,KSPDB-D-010203-P-fedec3
P-3fd200,12.980263,77.608846,F-01-02,D-010203,21,P-fedec3,LT-9m-PCC,W-109,560048,KSPDB-D-010203-P-3fd200
P-adeada,12.980702,77.607817,F-01-02,D-010203,22,P-35c572,LT-9m-PCC,W-067,560034,KSPDB-D-010203-P-adeada
P-6c1ca0,12.980897,77.607735,F-01-02,D-010203,23,P-adeada,LT-9m-Steel,W-051,560016,KSPDB-D-010203-P-6c1ca0
P-2eda49,12.981048,77.607642,F-01-02,D-010203,24,P-6c1ca0,LT-9m-PCC,W-064,560040,KSPDB-D-010203-P-2eda49
P-1475b9,12.981233,77.607584,F-01-02,D-010203,25,P-2eda49,LT-8m-Steel,W-082,560077,KSPDB-D-010203-P-1475b9
P-064dd7,12.981429,77.607554,F-01-02,D-010203,26,P-1475b9,LT-9m-PCC,W-047,560026,KSPDB-D-010203-P-064dd7
P-a44b80,12.981625,77.607482,F-01-02,D-010203,27,P-064dd7,LT-8m-Steel,W-111,560063,KSPDB-D-010203-P-a44b80
P-4f4d47,12.981734,77.607393,F-01-02,D-010203,28,P-a44b80,LT-8m-Steel,W-070,560070,KSPDB-D-010203-P-4f4d47
P-3d9325,12.981854,77.607287,F-01-02,D-010203,29,P-4f4d47,LT-9m-PCC,W-003,560011,
P-414499,12.986883,77.602375,F-01-03,D-010301,1,,LT-8m-Steel,W-028,560017,KSPDB-D-010301-P-414499
P-e70946,12.987111,77.602591,F-01-03,D-010301,2,P-414499,LT-8m-Steel,W-065,560074,KSPDB-D-010301-P-e70946
P-df479e,12.987317,77.60284,F-01-03,D-010301,3,P-e70946,LT-8m-Steel,W-055,560020,KSPDB-D-010301-P-df479e
P-553002,12.987541,77.60304,F-01-03,D-010301,4,P-df479e,LT-9m-Steel,W-069,560029,KSPDB-D-010301-P-553002
P-a1c6a3,12.987317,77.603069,F-01-03,D-010301,5,P-553002,LT-8m-Steel,W-011,560075,KSPDB-D-010301-P-a1c6a3
P-b0a04f,12.987131,77.603025,F-01-03,D-010301,6,P-a1c6a3,LT-9m-PCC,W-104,560051,
P-b81f05,12.986934,77.603017,F-01-03,D-010301,7,P-b0a04f,LT-8m-Steel,W-076,560093,KSPDB-D-010301-P-b81f05
P-52963e,12.987766,77.603296,F-01-03,D-010301,8,P-553002,LT-9m-Steel,W-083,560099,KSPDB-D-010301-P-52963e
P-b0baed,12.987907,77.603508,F-01-03,D-010301,9,P-52963e,LT-8m-Steel,W-094,560040,KSPDB-D-010301-P-b0baed
P-7144c3,12.988129,77.603748,F-01-03,D-010301,10,P-b0baed,LT-9m-PCC,W-032,560065,KSPDB-D-010301-P-7144c3
P-2b2f32,12.988292,77.604027,F-01-03,D-010301,11,P-7144c3,LT-9m-PCC,W-059,560017,
P-201fa3,12.988478,77.604294,F-01-03,D-010301,12,P-2b2f32,LT-8m-Steel,W-086,560032,
P-80df1c,12.988675,77.604506,F-01-03,D-010301,13,P-201fa3,LT-9m-PCC,W-002,560099,KSPDB-D-010301-P-80df1c
P-a296f3,12.988884,77.604769,F-01-03,D-010301,14,P-80df1c,LT-9m-PCC,W-021,560054,KSPDB-D-010301-P-a296f3
P-c767ed,12.989012,77.605005,F-01-03,D-010301,15,P-a296f3,LT-9m-Steel,W-067,560043,
P-c7b949,12.989143,77.605253,F-01-03,D-010301,16,P-c767ed,LT-9m-PCC,W-048,560044,KSPDB-D-010301-P-c7b949
P-c840bd,12.989417,77.604991,F-01-03,D-010301,17,P-c7b949,LT-9m-Steel,W-114,560013,KSPDB-D-010301-P-c840bd
P-10c9a2,12.989677,77.604737,F-01-03,D-010301,18,P-c840bd,LT-8m-Steel,W-104,560077,KSPDB-D-010301-P-10c9a2
P-8a2f58,12.989896,77.604485,F-01-03,D-010301,19,P-10c9a2,LT-9m-PCC,W-034,560083,KSPDB-D-010301-P-8a2f58
P-4f5838,12.99017,77.604185,F-01-03,D-010301,20,P-8a2f58,LT-9m-Steel,W-010,560075,KSPDB-D-010301-P-4f5838
P-1ddf6f,12.990428,77.603913,F-01-03,D-010301,21,P-4f5838,LT-8m-Steel,W-008,560082,KSPDB-D-010301-P-1ddf6f
P-3db035,12.989318,77.605478,F-01-03,D-010301,22,P-c7b949,LT-9m-PCC,W-048,560023,KSPDB-D-010301-P-3db035
P-762b56,12.98947,77.605748,F-01-03,D-010301,23,P-3db035,LT-9m-Steel,W-087,560039,KSPDB-D-010301-P-762b56
P-1b5ec3,12.989603,77.60602,F-01-03,D-010301,24,P-762b56,LT-9m-Steel,W-066,,KSPDB-D-010301-P-1b5ec3
P-3f28d3,12.989775,77.606264,F-01-03,D-010301,25,P-1b5ec3,LT-9m-PCC,W-032,560056,KSPDB-D-010301-P-3f28d3
P-7a1bc8,12.989902,77.606533,F-01-03,D-010301,26,P-3f28d3,LT-8m-Steel,W-118,560014,KSPDB-D-010301-P-7a1bc8
P-d44668,12.990049,77.606797,F-01-03,D-010301,27,P-7a1bc8,LT-9m-Steel,W-103,560093,KSPDB-D-010301-P-d44668
P-3f9970,12.990265,77.60705,F-01-03,D-010301,28,P-d44668,LT-8m-Steel,W-029,560063,KSPDB-D-010301-P-3f9970
P-a0372b,12.99039,77.60733,F-01-03,D-010301,29,P-3f9970,LT-9m-Steel,W-041,560019,
P-86123d,12.990402,77.607526,F-01-03,D-010301,30,P-a0372b,LT-9m-Steel,W-048,560096,KSPDB-D-010301-P-86123d
P-22c6b9,12.990393,77.607737,F-01-03,D-010301,31,P-86123d,LT-9m-PCC,W-023,560076,KSPDB-D-010301-P-22c6b9
P-d00b33,12.990342,77.607889,F-01-03,D-010301,32,P-22c6b9,LT-9m-PCC,W-052,560069,KSPDB-D-010301-P-d00b33
P-cd484e,12.990354,77.608049,F-01-03,D-010301,33,P-d00b33,LT-8m-Steel,W-100,560051,KSPDB-D-010301-P-cd484e
P-00de0b,12.990355,77.608227,F-01-03,D-010301,34,P-cd484e,LT-9m-PCC,W-071,560057,KSPDB-D-010301-P-00de0b
P-95de7c,12.99057,77.607554,F-01-03,D-010301,35,P-a0372b,LT-9m-PCC,W-038,560048,KSPDB-D-010301-P-95de7c
P-9a3217,12.990728,77.607808,F-01-03,D-010301,36,P-95de7c,LT-9m-Steel,W-080,560057,KSPDB-D-010301-P-9a3217
P-b6f5df,12.990878,77.608,F-01-03,D-010301,37,P-9a3217,LT-9m-Steel,W-064,560035,KSPDB-D-010301-P-b6f5df
P-1a1f36,12.991015,77.608236,F-01-03,D-010301,38,P-b6f5df,LT-9m-Steel,W-116,560041,KSPDB-D-010301-P-1a1f36
P-c8dab0,12.991158,77.608439,F-01-03,D-010301,39,P-1a1f36,LT-9m-PCC,W-001,560013,KSPDB-D-010301-P-c8dab0
P-cd225d,12.991358,77.608721,F-01-03,D-010301,40,P-c8dab0,LT-9m-PCC,W-070,560098,KSPDB-D-010301-P-cd225d
P-67bc1a,12.991512,77.608912,F-01-03,D-010301,41,P-cd225d,LT-9m-PCC,W-043,,KSPDB-D-010301-P-67bc1a
P-c3b1c1,12.99166,77.609111,F-01-03,D-010301,42,P-67bc1a,LT-9m-Steel,W-049,560049,KSPDB-D-010301-P-c3b1c1
P-a1e322,12.991351,77.608771,F-01-03,D-010301,43,P-c3b1c1,LT-9m-PCC,W-027,560040,KSPDB-D-010301-P-a1e322
P-0e7d59,12.991137,77.608467,F-01-03,D-010301,44,P-a1e322,LT-8m-Steel,W-063,560028,KSPDB-D-010301-P-0e7d59
P-5fa0cc,12.990902,77.608107,F-01-03,D-010301,45,P-0e7d59,LT-9m-Steel,W-036,560039,KSPDB-D-010301-P-5fa0cc
P-d5b313,12.990589,77.607766,F-01-03,D-010301,46,P-5fa0cc,LT-9m-Steel,W-053,560057,KSPDB-D-010301-P-d5b313
P-2b1555,12.990326,77.607431,F-01-03,D-010301,47,P-d5b313,LT-8m-Steel,W-096,560022,KSPDB-D-010301-P-2b1555
P-349d12,12.990113,77.607087,F-01-03,D-010301,48,P-2b1555,LT-9m-Steel,W-018,560060,KSPDB-D-010301-P-349d12
P-a2b894,12.991874,77.609302,F-01-03,D-010301,49,P-c3b1c1,LT-9m-PCC,W-076,560065,KSPDB-D-010301-P-a2b894
P-28362a,12.991529,77.609356,F-01-03,D-010301,50,P-a2b894,LT-9m-Steel,W-017,560043,KSPDB-D-010301-P-28362a
P-30b1dd,12.998059,77.596679,F-01-03,D-010302,,,LT-8m-Steel,W-119,560099,KSPDB-D-010302-P-30b1dd
P-ce45e0,12.997892,77.59678,F-01-03,D-010302,,,LT-9m-Steel,W-042,560044,KSPDB-D-010302-P-ce45e0
P-0bbde9,12.997722,77.59682,F-01-03,D-010302,,,LT-9m-PCC,W-010,560027,KSPDB-D-010302-P-0bbde9
P-aedf0f,12.997805,77.596777,F-01-03,D-010302,,,LT-9m-Steel,W-014,560031,KSPDB-D-010302-P-aedf0f
P-226fd9,12.997915,77.596794,F-01-03,D-010302,,,LT-8m-Steel,W-060,560025,KSPDB-D-010302-P-226fd9
P-948755,12.998003,77.596745,F-01-03,D-010302,,,LT-9m-Steel,W-046,560036,
P-37746a,12.998111,77.596754,F-01-03,D-010302,,,LT-8m-Steel,W-040,560025,KSPDB-D-010302-P-37746a
P-bd4016,12.998253,77.596765,F-01-03,D-010302,,,LT-9m-PCC,W-021,560048,KSPDB-D-010302-P-bd4016
P-93304a,12.997554,77.596865,F-01-03,D-010302,,,LT-9m-Steel,W-090,560037,KSPDB-D-010302-P-93304a
P-7af3bf,12.997381,77.596925,F-01-03,D-010302,,,LT-8m-Steel,W-019,560041,KSPDB-D-010302-P-7af3bf
P-8d9d55,12.997173,77.596797,F-01-03,D-010302,,,LT-8m-Steel,W-051,560096,KSPDB-D-010302-P-8d9d55
P-d3d6e8,12.996917,77.596623,F-01-03,D-010302,,,LT-8m-Steel,W-034,560032,KSPDB-D-010302-P-d3d6e8
P-aade72,12.997265,77.597031,F-01-03,D-010302,,,LT-9m-PCC,W-052,560081,KSPDB-D-010302-P-aade72
P-1557d9,12.997128,77.597115,F-01-03,D-010302,,,LT-9m-Steel,W-071,560069,KSPDB-D-010302-P-1557d9
P-875048,12.997412,77.597229,F-01-03,D-010302,,,LT-9m-PCC,W-103,560025,KSPDB-D-010302-P-875048
P-47efbe,12.997656,77.597411,F-01-03,D-010302,,,LT-9m-PCC,W-008,560038,KSPDB-D-010302-P-47efbe
P-d98ef9,12.99703,77.597208,F-01-03,D-010302,,,LT-9m-PCC,W-026,560057,KSPDB-D-010302-P-d98ef9
P-1e8c3c,12.997049,77.597395,F-01-03,D-010302,,,LT-9m-Steel,W-081,560020,KSPDB-D-010302-P-1e8c3c
P-e933f3,12.997097,77.597556,F-01-03,D-010302,,,LT-9m-Steel,W-076,560019,KSPDB-D-010302-P-e933f3
P-f49382,12.997202,77.597733,F-01-03,D-010302,,,LT-9m-PCC,W-009,560092,KSPDB-D-010302-P-f49382
P-31571b,12.997288,77.597966,F-01-03,D-010302,,,LT-8m-Steel,W-104,560052,KSPDB-D-010302-P-31571b
P-6dd6dc,12.996891,77.597284,F-01-03,D-010302,,,LT-9m-PCC,W-006,560016,KSPDB-D-010302-P-6dd6dc
P-bcdfbc,12.996713,77.597333,F-01-03,D-010302,,,LT-9m-PCC,W-119,560060,KSPDB-D-010302-P-bcdfbc
P-f75354,12.996576,77.597434,F-01-03,D-010302,,,LT-8m-Steel,W-004,560064,
P-0d8a0b,12.996467,77.597471,F-01-03,D-010302,,,LT-9m-PCC,W-046,560033,
P-c95b8b,12.996333,77.597801,F-01-03,D-010302,,,LT-8m-Steel,W-036,560029,KSPDB-D-010302-P-c95b8b
P-2c9db1,12.996261,77.598147,F-01-03,D-010302,,,LT-9m-PCC,W-079,560041,KSPDB-D-010302-P-2c9db1
P-2cd3fc,12.996142,77.598467,F-01-03,D-010302,,,LT-9m-Steel,W-038,560080,KSPDB-D-010302-P-2cd3fc
P-8284bc,12.995985,77.598781,F-01-03,D-010302,,,LT-8m-Steel,W-008,560059,KSPDB-D-010302-P-8284bc
P-671720,12.996358,77.597568,F-01-03,D-010302,,,LT-9m-PCC,W-054,560077,KSPDB-D-010302-P-671720
P-8cdfcd,12.996191,77.597658,F-01-03,D-010302,,,LT-9m-PCC,W-081,560079,
P-ed2de3,12.996048,77.597764,F-01-03,D-010302,,,LT-9m-PCC,W-049,560055,KSPDB-D-010302-P-ed2de3
P-7a0565,12.996237,77.59786,F-01-03,D-010302,,,LT-8m-Steel,W-070,560054,KSPDB-D-010302-P-7a0565
P-0a7e8b,12.996437,77.597978,F-01-03,D-010302,,,LT-9m-Steel,W-065,560044,KSPDB-D-010302-P-0a7e8b
P-62c26e,12.996683,77.598084,F-01-03,D-010302,,,LT-9m-PCC,W-004,560038,KSPDB-D-010302-P-62c26e
P-11b521,12.996939,77.598246,F-01-03,D-010302,,,LT-9m-PCC,W-115,560045,KSPDB-D-010302-P-11b521
P-10e478,12.997112,77.598438,F-01-03,D-010302,,,LT-9m-PCC,W-104,560077,KSPDB-D-010302-P-10e478
P-2fa4c0,12.9973,77.598607,F-01-03,D-010302,,,LT-8m-Steel,W-099,560039,KSPDB-D-010302-P-2fa4c0
P-4fa3c7,12.995903,77.597847,F-01-03,D-010302,,,LT-9m-PCC,W-013,560040,KSPDB-D-010302-P-4fa3c7
P-ad98a4,12.995764,77.597927,F-01-03,D-010302,,,LT-8m-Steel,W-069,560017,KSPDB-D-010302-P-ad98a4
P-53555b,12.99559,77.597979,F-01-03,D-010302,,,LT-9m-PCC,W-074,560059,KSPDB-D-010302-P-53555b
P-252ad2,12.995464,77.59809,F-01-03,D-010302,,,LT-8m-Steel,W-120,560032,KSPDB-D-010302-P-252ad2
P-386dbd,12.99529,77.598129,F-01-03,D-010302,,,LT-9m-PCC,W-031,560099,KSPDB-D-010302-P-386dbd
P-578df9,12.995182,77.598251,F-01-03,D-010302,,,LT-8m-Steel,W-117,560099,
P-528af5,12.995029,77.598366,F-01-03,D-010302,,,LT-8m-Steel,W-073,560082,KSPDB-D-010302-P-528af5
P-d6b226,12.994869,77.598399,F-01-03,D-010302,,,LT-9m-PCC,W-108,560073,KSPDB-D-010302-P-d6b226
P-a4b3ae,12.994756,77.598519,F-01-03,D-010302,,,LT-9m-Steel,W-040,560014,KSPDB-D-010302-P-a4b3ae
P-effce7,12.994628,77.59862,F-01-03,D-010302,,,LT-9m-PCC,W-008,560038,
P-bb61ca,12.99453,77.598699,F-01-03,D-010302,,,LT-9m-PCC,W-068,560052,KSPDB-D-010302-P-bb61ca
P-640f0f,12.994392,77.598766,F-01-03,D-010302,,,LT-9m-Steel,W-026,560053,KSPDB-D-010302-P-640f0f
P-6623e4,12.994284,77.598838,F-01-03,D-010302,,,LT-9m-Steel,W-023,560051,KSPDB-D-010302-P-6623e4
P-7b582b,12.994193,77.598962,F-01-03,D-010302,,,LT-9m-PCC,W-003,560028,KSPDB-D-010302-P-7b582b
P-61ffff,12.994107,77.599019,F-01-03,D-010302,,,LT-9m-PCC,W-109,560056,KSPDB-D-010302-P-61ffff
P-ff0d1e,12.993959,77.599141,F-01-03,D-010302,,,LT-9m-PCC,W-048,560094,KSPDB-D-010302-P-ff0d1e
P-270a97,12.993813,77.599207,F-01-03,D-010302,,,LT-8m-Steel,W-076,560048,KSPDB-D-010302-P-270a97
P-cb9588,12.993674,77.599335,F-01-03,D-010302,,,LT-8m-Steel,W-018,560065,KSPDB-D-010302-P-cb9588
P-3ac285,12.993525,77.599471,F-01-03,D-010302,,,LT-9m-Steel,W-063,560032,KSPDB-D-010302-P-3ac285
P-cddb3f,12.99342,77.599572,F-01-03,D-010302,,,LT-9m-Steel,W-072,560088,KSPDB-D-010302-P-cddb3f
P-898451,12.993247,77.599705,F-01-03,D-010302,,,LT-8m-Steel,W-029,560032,
P-ef190d,12.993072,77.599839,F-01-03,D-010302,,,LT-8m-Steel,W-040,560047,KSPDB-D-010302-P-ef190d
P-4f350f,12.992918,77.599882,F-01-03,D-010302,,,LT-9m-PCC,W-023,560099,KSPDB-D-010302-P-4f350f
P-32d935,12.992818,77.599924,F-01-03,D-010302,,,LT-9m-Steel,W-051,560082,KSPDB-D-010302-P-32d935
P-650243,12.992725,77.599958,F-01-03,D-010302,,,LT-9m-PCC,W-024,560088,KSPDB-D-010302-P-650243
P-81d15a,12.992551,77.600082,F-01-03,D-010302,,,LT-9m-PCC,W-082,560073,
P-941407,12.992464,77.600122,F-01-03,D-010302,,,LT-9m-PCC,W-043,560040,KSPDB-D-010302-P-941407
P-900ce8,12.992357,77.600182,F-01-03,D-010302,,,LT-8m-Steel,W-041,560021,KSPDB-D-010302-P-900ce8
P-920fee,12.992234,77.600256,F-01-03,D-010302,,,LT-9m-Steel,W-086,560052,KSPDB-D-010302-P-920fee
P-3282e5,12.992054,77.600323,F-01-03,D-010302,,,LT-8m-Steel,W-002,560041,
P-1fbd09,12.991936,77.600411,F-01-03,D-010302,,,LT-9m-Steel,W-009,560023,KSPDB-D-010302-P-1fbd09
P-69d39d,12.994434,77.611574,F-01-03,D-010303,,,LT-9m-Steel,W-001,560066,KSPDB-D-010303-P-69d39d
P-3760db,12.994567,77.611415,F-01-03,D-010303,,,LT-9m-Steel,W-054,560062,KSPDB-D-010303-P-3760db
P-88015c,12.994607,77.611195,F-01-03,D-010303,,,LT-8m-Steel,W-113,560079,KSPDB-D-010303-P-88015c
P-80f755,12.99464,77.610991,F-01-03,D-010303,,,LT-8m-Steel,W-013,560083,KSPDB-D-010303-P-80f755
P-2089c9,12.994555,77.610749,F-01-03,D-010303,,,LT-9m-Steel,W-098,560030,KSPDB-D-010303-P-2089c9
P-14ac08,12.994498,77.610467,F-01-03,D-010303,,,LT-8m-Steel,W-010,560014,KSPDB-D-010303-P-14ac08
P-112a31,12.994367,77.610258,F-01-03,D-010303,,,LT-8m-Steel,W-003,560023,KSPDB-D-010303-P-112a31
P-6065d5,12.994292,77.609982,F-01-03,D-010303,,,LT-9m-PCC,W-044,560058,KSPDB-D-010303-P-6065d5
P-b432f5,12.994765,77.610768,F-01-03,D-010303,,,LT-9m-PCC,W-094,560021,KSPDB-D-010303-P-b432f5
P-65e910,12.994822,77.610556,F-01-03,D-010303,,,LT-8m-Steel,W-077,560071,KSPDB-D-010303-P-65e910
P-c4f083,12.995067,77.610674,F-01-03,D-010303,,,LT-9m-Steel,W-004,560093,KSPDB-D-010303-P-c4f083
P-95db1b,12.995331,77.610808,F-01-03,D-010303,,,LT-9m-PCC,W-078,560030,
P-bc24fa,12.994902,77.610343,F-01-03,D-010303,,,LT-9m-PCC,W-013,560034,KSPDB-D-010303-P-bc24fa
P-5eb38e,12.994992,77.610165,F-01-03,D-010303,,,LT-8m-Steel,W-090,560079,KSPDB-D-010303-P-5eb38e
P-c91c0e,12.995126,77.609958,F-01-03,D-010303,,,LT-8m-Steel,W-085,560040,KSPDB-D-010303-P-c91c0e
P-0b709c,12.995258,77.609789,F-01-03,D-010303,,,LT-9m-PCC,W-007,560080,KSPDB-D-010303-P-0b709c
P-c8466f,12.995317,77.60961,F-01-03,D-010303,,,LT-8m-Steel,W-020,560010,KSPDB-D-010303-P-c8466f
P-3e1020,12.995419,77.60945,F-01-03,D-010303,,,LT-8m-Steel,W-012,560094,KSPDB-D-010303-P-3e1020
P-2cb3bc,12.995453,77.609276,F-01-03,D-010303,,,LT-9m-Steel,W-077,560022,KSPDB-D-010303-P-2cb3bc
P-8f66d3,13.005345,77.589014,F-02-01,D-020101,1,,LT-9m-PCC,W-027,560047,
P-171b76,13.00511,77.588754,F-02-01,D-020101,2,P-8f66d3,LT-9m-PCC,W-061,560049,KSPDB-D-020101-P-171b76
P-85797f,13.004865,77.588568,F-02-01,D-020101,3,P-171b76,LT-8m-Steel,W-061,560094,KSPDB-D-020101-P-85797f
P-f4dcb1,13.005006,77.588307,F-02-01,D-020101,4,P-85797f,LT-8m-Steel,W-012,560059,KSPDB-D-020101-P-f4dcb1
P-bab90c,13.005135,77.587981,F-02-01,D-020101,5,P-f4dcb1,LT-9m-PCC,W-048,560057,KSPDB-D-020101-P-bab90c
P-7c4ffd,13.005302,77.587744,F-02-01,D-020101,6,P-bab90c,LT-9m-PCC,W-058,560066,KSPDB-D-020101-P-7c4ffd
P-7ec3c2,13.005467,77.5875,F-02-01,D-020101,7,P-7c4ffd,LT-8m-Steel,W-034,560044,KSPDB-D-020101-P-7ec3c2
P-8a5e0f,13.004703,77.588325,F-02-01,D-020101,8,P-85797f,LT-9m-Steel,W-008,560099,KSPDB-D-020101-P-8a5e0f
P-47f25f,13.004504,77.588141,F-02-01,D-020101,9,P-8a5e0f,LT-9m-Steel,W-013,560054,KSPDB-D-020101-P-47f25f
P-c3b734,13.004291,77.587883,F-02-01,D-020101,10,P-47f25f,LT-9m-Steel,W-053,560085,KSPDB-D-020101-P-c3b734
P-193397,13.004056,77.587715,F-02-01,D-020101,11,P-c3b734,LT-9m-PCC,W-071,560059,KSPDB-D-020101-P-193397
P-dc840e,13.003883,77.587549,F-02-01,D-020101,12,P-193397,LT-9m-Steel,W-054,560097,KSPDB-D-020101-P-dc840e
P-299f20,13.003719,77.587318,F-02-01,D-020101,13,P-dc840e,LT-8m-Steel,W-074,560070,KSPDB-D-020101-P-299f20
P-123527,13.003471,77.587105,F-02-01,D-020101,14,P-299f20,LT-8m-Steel,W-011,560014,KSPDB-D-020101-P-123527
P-412370,13.003292,77.586906,F-02-01,D-020101,15,P-123527,LT-9m-Steel,W-074,560083,KSPDB-D-020101-P-412370
P-675d31,13.003129,77.586735,F-02-01,D-020101,16,P-412370,LT-9m-Steel,W-080,560067,KSPDB-D-020101-P-675d31
P-b72173,13.003156,77.586801,F-02-01,D-020101,17,P-675d31,LT-9m-PCC,W-022,560034,KSPDB-D-020101-P-b72173
P-7f0e7e,13.003148,77.5869,F-02-01,D-020101,18,P-b72173,LT-9m-PCC,W-006,560097,KSPDB-D-020101-P-7f0e7e
P-7e8267,13.003142,77.58698,F-02-01,D-020101,19,P-7f0e7e,LT-8m-Steel,W-026,560090,
P-39e8be,13.002954,77.586534,F-02-01,D-020101,20,P-675d31,LT-9m-PCC,W-107,560050,KSPDB-D-020101-P-39e8be
P-15eb0e,13.003265,77.586355,F-02-01,D-020101,21,P-39e8be,LT-9m-Steel,W-118,560021,KSPDB-D-020101-P-15eb0e
P-5e104c,13.003618,77.58618,F-02-01,D-020101,22,P-15eb0e,LT-8m-Steel,W-072,560051,KSPDB-D-020101-P-5e104c
P-6515af,13.002752,77.586335,F-02-01,D-020101,23,P-39e8be,LT-8m-Steel,W-067,560011,KSPDB-D-020101-P-6515af
P-46a795,13.002602,77.58611,F-02-01,D-020101,24,P-6515af,LT-9m-Steel,W-080,560063,
P-fa1c91,13.002369,77.585884,F-02-01,D-020101,25,P-46a795,LT-9m-PCC,W-054,560082,KSPDB-D-020101-P-fa1c91
P-447886,13.002427,77.586211,F-02-01,D-020101,26,P-fa1c91,LT-9m-Steel,W-075,560022,KSPDB-D-020101-P-447886
P-368b85,13.002479,77.586513,F-02-01,D-020101,27,P-447886,LT-9m-PCC,W-073,560046,
P-570254,13.002532,77.586806,F-02-01,D-020101,28,P-368b85,LT-9m-Steel,W-113,560062,KSPDB-D-020101-P-570254
P-6dfdf4,13.002663,77.587099,F-02-01,D-020101,29,P-570254,LT-8m-Steel,W-050,560083,KSPDB-D-020101-P-6dfdf4
P-bb69cf,13.002786,77.587422,F-02-01,D-020101,30,P-6dfdf4,LT-9m-Steel,W-061,560045,KSPDB-D-020101-P-bb69cf
P-88e16b,13.002127,77.585643,F-02-01,D-020101,31,P-fa1c91,LT-8m-Steel,W-019,560097,KSPDB-D-020101-P-88e16b
P-2e3402,13.001977,77.58546,F-02-01,D-020101,32,P-88e16b,LT-9m-Steel,W-052,560052,KSPDB-D-020101-P-2e3402
P-bbf061,13.002026,77.585559,F-02-01,D-020101,33,P-2e3402,LT-9m-Steel,W-031,560070,KSPDB-D-020101-P-bbf061
P-47aa41,13.002098,77.585587,F-02-01,D-020101,34,P-bbf061,LT-8m-Steel,W-115,560053,KSPDB-D-020101-P-47aa41
P-6e3f7c,13.002204,77.58561,F-02-01,D-020101,35,P-47aa41,LT-8m-Steel,W-040,560072,KSPDB-D-020101-P-6e3f7c
P-4df499,13.001808,77.585213,F-02-01,D-020101,36,P-2e3402,LT-9m-Steel,W-088,560039,KSPDB-D-020101-P-4df499
P-96cf76,13.00165,77.584978,F-02-01,D-020101,37,P-4df499,LT-9m-PCC,W-039,560066,KSPDB-D-020101-P-96cf76
P-e54d8e,13.001265,77.58519,F-02-01,D-020101,38,P-96cf76,LT-8m-Steel,W-035,560087,KSPDB-D-020101-P-e54d8e
P-dd3083,13.000891,77.585407,F-02-01,D-020101,39,P-e54d8e,LT-9m-Steel,W-012,560037,KSPDB-D-020101-P-dd3083
P-f771b7,13.00056,77.585608,F-02-01,D-020101,40,P-dd3083,LT-8m-Steel,W-095,560076,KSPDB-D-020101-P-f771b7
P-31093c,13.000161,77.585889,F-02-01,D-020101,41,P-f771b7,LT-8m-Steel,W-106,560030,KSPDB-D-020101-P-31093c
P-b19764,12.999785,77.586121,F-02-01,D-020101,42,P-31093c,LT-9m-PCC,W-040,560061,KSPDB-D-020101-P-b19764
P-95d85e,12.999403,77.586325,F-02-01,D-020101,43,P-b19764,LT-9m-PCC,W-100,560082,KSPDB-D-020101-P-95d85e
P-e2e553,13.001479,77.584764,F-02-01,D-020101,44,P-96cf76,LT-9m-PCC,W-023,560035,KSPDB-D-020101-P-e2e553
P-3bcec4,13.00128,77.584576,F-02-01,D-020101,45,P-e2e553,LT-9m-PCC,W-032,560016,KSPDB-D-020101-P-3bcec4
P-8f9e5c,13.001042,77.58436,F-02-01,D-020101,46,P-3bcec4,LT-8m-Steel,W-091,560057,KSPDB-D-020101-P-8f9e5c
P-f6f9fa,13.000797,77.584172,F-02-01,D-020101,47,P-8f9e5c,LT-8m-Steel,W-065,560025,KSPDB-D-020101-P-f6f9fa
P-a14164,13.000603,77.583951,F-02-01,D-020101,48,P-f6f9fa,LT-9m-Steel,W-004,560072,
P-81f18a,13.00036,77.583732,F-02-01,D-020101,49,P-a14164,LT-9m-Steel,W-058,560070,KSPDB-D-020101-P-81f18a
P-583dd6,13.000183,77.583514,F-02-01,D-020101,50,P-81f18a,LT-9m-Steel,W-071,560030,KSPDB-D-020101-P-583dd6
P-c129b0,12.999942,77.583253,F-02-01,D-020101,51,P-583dd6,LT-8m-Steel,W-096,560021,KSPDB-D-020101-P-c129b0
P-98a4c4,12.999699,77.583013,F-02-01,D-020101,52,P-c129b0,LT-8m-Steel,W-004,560030,KSPDB-D-020101-P-98a4c4
P-5d1b10,12.999508,77.582777,F-02-01,D-020101,53,P-98a4c4,LT-9m-Steel,W-100,560038,KSPDB-D-020101-P-5d1b10
P-1710e0,12.999314,77.582556,F-02-01,D-020101,54,P-5d1b10,LT-9m-Steel,W-029,560044,
P-2a0b14,12.999075,77.58236,F-02-01,D-020101,55,P-1710e0,LT-9m-Steel,W-053,560097,KSPDB-D-020101-P-2a0b14
P-6475df,12.998894,77.582171,F-02-01,D-020101,56,P-2a0b14,LT-9m-PCC,W-061,560092,KSPDB-D-020101-P-6475df
P-14da89,12.998668,77.581949,F-02-01,D-020101,57,P-6475df,LT-9m-PCC,W-077,560038,KSPDB-D-020101-P-14da89
P-480ae7,12.998454,77.581727,F-02-01,D-020101,58,P-14da89,LT-8m-Steel,W-078,560049,KSPDB-D-020101-P-480ae7
P-6a161c,12.998215,77.581503,F-02-01,D-020101,59,P-480ae7,LT-9m-Steel,W-091,560064,KSPDB-D-020101-P-6a161c
P-acace2,13.003994,77.599833,F-02-01,D-020102,,,LT-8m-Steel,W-110,560042,KSPDB-D-020102-P-acace2
P-e6e92b,13.004235,77.599555,F-02-01,D-020102,,,LT-9m-PCC,W-060,560076,KSPDB-D-020102-P-e6e92b
P-28c4d6,13.004428,77.599255,F-02-01,D-020102,,,LT-9m-Steel,W-051,560010,KSPDB-D-020102-P-28c4d6
P-d62b0e,13.004686,77.599009,F-02-01,D-020102,,,LT-9m-Steel,W-085,560057,KSPDB-D-020102-P-d62b0e
P-b3fc22,13.004968,77.598735,F-02-01,D-020102,,,LT-9m-Steel,W-083,560046,KSPDB-D-020102-P-b3fc22
P-09a587,13.005208,77.59842,F-02-01,D-020102,,,LT-8m-Steel,W-088,560018,KSPDB-D-020102-P-09a587
P-81ffa9,13.005411,77.598094,F-02-01,D-020102,,,LT-8m-Steel,W-036,560045,KSPDB-D-020102-P-81ffa9
P-2b08fd,13.00563,77.597837,F-02-01,D-020102,,,LT-8m-Steel,W-084,560093,KSPDB-D-020102-P-2b08fd
P-ba1b02,13.005894,77.597588,F-02-01,D-020102,,,LT-8m-Steel,W-025,560040,KSPDB-D-020102-P-ba1b02
P-1cce64,13.00616,77.597315,F-02-01,D-020102,,,LT-9m-PCC,W-104,560086,KSPDB-D-020102-P-1cce64
P-b44492,13.006342,77.597076,F-02-01,D-020102,,,LT-8m-Steel,W-085,560027,KSPDB-D-020102-P-b44492
P-405aa2,13.00655,77.596757,F-02-01,D-020102,,,LT-9m-Steel,W-004,560047,KSPDB-D-020102-P-405aa2
P-4632e4,13.006762,77.596456,F-02-01,D-020102,,,LT-8m-Steel,W-117,560059,KSPDB-D-020102-P-4632e4
P-0b0aee,13.006771,77.5964,F-02-01,D-020102,,,LT-9m-Steel,W-005,560083,KSPDB-D-020102-P-0b0aee
P-3f430c,13.006768,77.596357,F-02-01,D-020102,,,LT-9m-PCC,W-044,560038,
P-09bd32,13.006785,77.596279,F-02-01,D-020102,,,LT-9m-Steel,W-069,560070,KSPDB-D-020102-P-09bd32
P-cd93a0,13.006978,77.596158,F-02-01,D-020102,,,LT-9m-Steel,W-046,560031,KSPDB-D-020102-P-cd93a0
P-c1ebf5,12.993232,77.611523,F-02-01,D-020103,,,LT-9m-Steel,W-113,560047,KSPDB-D-020103-P-c1ebf5
P-f4ed0f,12.99338,77.611323,F-02-01,D-020103,,,LT-9m-PCC,W-061,560043,KSPDB-D-020103-P-f4ed0f
P-9f8a57,12.993479,77.611182,F-02-01,D-020103,,,LT-9m-Steel,W-104,560033,KSPDB-D-020103-P-9f8a57
P-56e7e9,12.993619,77.610975,F-02-01,D-020103,,,LT-9m-Steel,W-116,560021,KSPDB-D-020103-P-56e7e9
P-814564,12.993751,77.610764,F-02-01,D-020103,,,LT-9m-PCC,W-046,560049,KSPDB-D-020103-P-814564
P-c335f4,12.993842,77.610566,F-02-01,D-020103,,,LT-8m-Steel,W-101,560057,KSPDB-D-020103-P-c335f4
P-244ec6,12.993946,77.610355,F-02-01,D-020103,,,LT-8m-Steel,W-075,560025,KSPDB-D-020103-P-244ec6
P-2196fb,12.994034,77.610183,F-02-01,D-020103,,,LT-8m-Steel,W-007,560084,KSPDB-D-020103-P-2196fb
P-baac26,12.994156,77.610058,F-02-01,D-020103,,,LT-9m-Steel,W-080,560034,KSPDB-D-020103-P-baac26
P-ea3cc3,12.994233,77.609937,F-02-01,D-020103,,,LT-9m-Steel,W-016,560058,KSPDB-D-020103-P-ea3cc3
P-397f0f,12.994185,77.609634,F-02-01,D-020103,,,LT-9m-Steel,W-039,560029,KSPDB-D-020103-P-397f0f
P-b4835f,12.994147,77.609353,F-02-01,D-020103,,,LT-9m-PCC,W-026,560082,KSPDB-D-020103-P-b4835f
P-09bdf9,12.994332,77.609767,F-02-01,D-020103,,,LT-8m-Steel,W-019,560033,KSPDB-D-020103-P-09bdf9
P-09d538,12.99442,77.609655,F-02-01,D-020103,,,LT-9m-PCC,W-063,560032,KSPDB-D-020103-P-09d538
P-aa5af5,12.994561,77.609481,F-02-01,D-020103,,,LT-8m-Steel,W-082,560067,KSPDB-D-020103-P-aa5af5
P-abf3a6,12.994642,77.609314,F-02-01,D-020103,,,LT-8m-Steel,W-027,560031,KSPDB-D-020103-P-abf3a6
P-17f086,13.017253,77.599285,F-02-02,D-020201,,,LT-9m-Steel,W-098,560021,KSPDB-D-020201-P-17f086
P-7b7cc5,13.01712,77.599076,F-02-02,D-020201,,,LT-9m-PCC,W-079,560064,KSPDB-D-020201-P-7b7cc5
P-03b462,13.017037,77.598816,F-02-02,D-020201,,,LT-8m-Steel,W-055,560059,KSPDB-D-020201-P-03b462
P-a3caff,13.016835,77.598529,F-02-02,D-020201,,,LT-9m-PCC,W-005,560057,KSPDB-D-020201-P-a3caff
P-d0aa43,13.016654,77.598299,F-02-02,D-020201,,,LT-9m-PCC,W-115,560077,KSPDB-D-020201-P-d0aa43
P-544855,13.016422,77.598063,F-02-02,D-020201,,,LT-9m-PCC,W-003,560090,KSPDB-D-020201-P-544855
P-490283,13.016928,77.598603,F-02-02,D-020201,,,LT-9m-Steel,W-032,560054,KSPDB-D-020201-P-490283
P-a16bb4,13.016826,77.598422,F-02-02,D-020201,,,LT-8m-Steel,W-017,560074,KSPDB-D-020201-P-a16bb4
P-46b2a6,13.016759,77.59817,F-02-02,D-020201,,,LT-9m-Steel,W-040,560015,KSPDB-D-020201-P-46b2a6
P-f9970d,13.016639,77.597952,F-02-02,D-020201,,,LT-8m-Steel,W-038,560076,
P-1110aa,13.016532,77.597704,F-02-02,D-020201,,,LT-9m-Steel,W-068,560097,KSPDB-D-020201-P-1110aa
P-bb0997,13.016533,77.597349,F-02-02,D-020201,,,LT-9m-PCC,W-044,560072,KSPDB-D-020201-P-bb0997
P-376d36,13.016537,77.597076,F-02-02,D-020201,,,LT-8m-Steel,W-097,560061,KSPDB-D-020201-P-376d36
P-462087,13.016516,77.596767,F-02-02,D-020201,,,LT-9m-PCC,W-030,560026,KSPDB-D-020201-P-462087
P-15fd1b,13.016478,77.596463,F-02-02,D-020201,,,LT-9m-PCC,W-094,,
P-352ef2,13.016475,77.596194,F-02-02,D-020201,,,LT-9m-Steel,W-022,560093,KSPDB-D-020201-P-352ef2
P-1ab66b,13.016409,77.597504,F-02-02,D-020201,,,LT-9m-PCC,W-049,560042,
P-64fc76,13.016274,77.597269,F-02-02,D-020201,,,LT-9m-Steel,W-080,560016,KSPDB-D-020201-P-64fc76
P-54f1c6,13.016111,77.596995,F-02-02,D-020201,,,LT-9m-Steel,W-014,560012,KSPDB-D-020201-P-54f1c6
P-be20d5,13.015978,77.596786,F-02-02,D-020201,,,LT-9m-PCC,W-089,560066,KSPDB-D-020201-P-be20d5
P-11fedb,13.015826,77.596527,F-02-02,D-020201,,,LT-8m-Steel,W-016,560070,KSPDB-D-020201-P-11fedb
P-c49fa9,13.015703,77.596297,F-02-02,D-020201,,,LT-9m-Steel,W-020,560097,KSPDB-D-020201-P-c49fa9
P-8849be,13.015573,77.596042,F-02-02,D-020201,,,LT-9m-Steel,W-002,560094,KSPDB-D-020201-P-8849be
P-e91bb4,13.015439,77.59582,F-02-02,D-020201,,,LT-9m-PCC,W-085,560089,KSPDB-D-020201-P-e91bb4
P-c47f7a,13.015338,77.595542,F-02-02,D-020201,,,LT-9m-Steel,W-090,560023,
P-d94020,13.015203,77.595741,F-02-02,D-020201,,,LT-9m-Steel,W-093,560046,KSPDB-D-020201-P-d94020
P-a1bb79,13.015091,77.59588,F-02-02,D-020201,,,LT-9m-PCC,W-101,560035,KSPDB-D-020201-P-a1bb79
P-3c646b,13.014949,77.595999,F-02-02,D-020201,,,LT-9m-Steel,W-026,560076,KSPDB-D-020201-P-3c646b
P-a05811,13.014782,77.596205,F-02-02,D-020201,,,LT-9m-PCC,W-046,560047,KSPDB-D-020201-P-a05811
P-a93369,13.014652,77.59635,F-02-02,D-020201,,,LT-9m-PCC,W-006,560036,KSPDB-D-020201-P-a93369
P-5f7510,13.015231,77.595355,F-02-02,D-020201,,,LT-9m-Steel,W-120,560040,KSPDB-D-020201-P-5f7510
P-72fc9e,13.015101,77.595154,F-02-02,D-020201,,,LT-9m-PCC,W-002,560024,KSPDB-D-020201-P-72fc9e
P-88bcdb,13.015002,77.594956,F-02-02,D-020201,,,LT-9m-Steel,W-086,560021,KSPDB-D-020201-P-88bcdb
P-48a728,13.014905,77.594726,F-02-02,D-020201,,,LT-9m-Steel,W-010,560022,
P-0f534d,13.01478,77.59448,F-02-02,D-020201,,,LT-8m-Steel,W-083,560047,KSPDB-D-020201-P-0f534d
P-611e73,13.014629,77.594217,F-02-02,D-020201,,,LT-8m-Steel,W-060,560032,KSPDB-D-020201-P-611e73
P-3edad7,13.014511,77.593956,F-02-02,D-020201,,,LT-9m-PCC,W-110,560096,KSPDB-D-020201-P-3edad7
P-3f62d0,13.014369,77.594162,F-02-02,D-020201,,,LT-8m-Steel,W-055,560022,KSPDB-D-020201-P-3f62d0
P-c81e94,13.014251,77.594367,F-02-02,D-020201,,,LT-9m-PCC,W-002,560094,KSPDB-D-020201-P-c81e94
P-e4f95f,13.014411,77.593764,F-02-02,D-020201,,,LT-9m-Steel,W-022,560066,KSPDB-D-020201-P-e4f95f
P-a33b65,13.014307,77.593541,F-02-02,D-020201,,,LT-9m-Steel,W-035,560021,KSPDB-D-020201-P-a33b65
P-a3b618,13.014154,77.593276,F-02-02,D-020201,,,LT-8m-Steel,W-105,560024,
P-3a512a,13.014057,77.593056,F-02-02,D-020201,,,LT-8m-Steel,W-052,560044,KSPDB-D-020201-P-3a512a
P-416da5,13.009112,77.598867,F-02-02,D-020202,,,LT-8m-Steel,W-089,560063,KSPDB-D-020202-P-416da5
P-26a196,13.00949,77.598974,F-02-02,D-020202,,,LT-9m-Steel,W-114,560024,KSPDB-D-020202-P-26a196
P-805db7,13.009786,77.59907,F-02-02,D-020202,,,LT-9m-PCC,W-090,560030,KSPDB-D-020202-P-805db7
P-48fa79,13.010109,77.599176,F-02-02,D-020202,,,LT-9m-PCC,W-054,560071,KSPDB-D-020202-P-48fa79
P-0af2b4,13.010438,77.599245,F-02-02,D-020202,,,LT-9m-Steel,W-087,560088,KSPDB-D-020202-P-0af2b4
P-80ba35,13.010735,77.599333,F-02-02,D-020202,,,LT-8m-Steel,W-100,560013,KSPDB-D-020202-P-80ba35
P-25199a,13.011017,77.599408,F-02-02,D-020202,,,LT-9m-Steel,W-113,560026,KSPDB-D-020202-P-25199a
P-e078e9,13.011391,77.599508,F-02-02,D-020202,,,LT-8m-Steel,W-118,560062,KSPDB-D-020202-P-e078e9
P-4d3ac0,13.01168,77.599542,F-02-02,D-020202,,,LT-8m-Steel,W-006,560093,KSPDB-D-020202-P-4d3ac0
P-2864cc,13.012004,77.599621,F-02-02,D-020202,,,LT-8m-Steel,W-002,560096,KSPDB-D-020202-P-2864cc
P-93c4c9,13.012289,77.599741,F-02-02,D-020202,,,LT-9m-Steel,W-099,560082,KSPDB-D-020202-P-93c4c9
P-6e8108,13.012658,77.599864,F-02-02,D-020202,,,LT-9m-PCC,W-086,560076,KSPDB-D-020202-P-6e8108
P-24d71b,13.012976,77.599928,F-02-02,D-020202,,,LT-9m-Steel,W-089,560022,KSPDB-D-020202-P-24d71b
P-8efd55,13.013261,77.599976,F-02-02,D-020202,,,LT-8m-Steel,W-085,560071,KSPDB-D-020202-P-8efd55
P-022e09,13.013548,77.600076,F-02-02,D-020202,,,LT-8m-Steel,W-085,560059,KSPDB-D-020202-P-022e09
P-7e4d69,13.013839,77.600105,F-02-02,D-020202,,,LT-9m-PCC,W-108,560088,KSPDB-D-020202-P-7e4d69
P-812f9e,13.014165,77.600217,F-02-02,D-020202,,,LT-9m-PCC,W-002,560030,KSPDB-D-020202-P-812f9e
P-562b90,13.014491,77.600307,F-02-02,D-020202,,,LT-9m-Steel,W-109,560073,KSPDB-D-020202-P-562b90
P-ef0126,13.014769,77.600355,F-02-02,D-020202,,,LT-9m-PCC,W-010,560051,KSPDB-D-020202-P-ef0126
P-e2879b,13.014766,77.600062,F-02-02,D-020202,,,LT-9m-PCC,W-043,560016,KSPDB-D-020202-P-e2879b
P-8cc997,13.014738,77.599781,F-02-02,D-020202,,,LT-9m-Steel,W-029,560058,
P-6e7e04,13.014788,77.599504,F-02-02,D-020202,,,LT-8m-Steel,W-105,560068,KSPDB-D-020202-P-6e7e04
P-37dc01,13.014767,77.599275,F-02-02,D-020202,,,LT-8m-Steel,W-103,560021,
P-972ef6,13.014796,77.598952,F-02-02,D-020202,,,LT-8m-Steel,W-058,560073,KSPDB-D-020202-P-972ef6
P-4a6011,13.014817,77.598652,F-02-02,D-020202,,,LT-9m-Steel,W-084,,KSPDB-D-020202-P-4a6011
P-680cd2,13.01506,77.600425,F-02-02,D-020202,,,LT-8m-Steel,W-053,560080,KSPDB-D-020202-P-680cd2
P-dda760,13.015362,77.600493,F-02-02,D-020202,,,LT-9m-PCC,W-106,560087,KSPDB-D-020202-P-dda760
P-a3d9d2,13.015647,77.60062,F-02-02,D-020202,,,LT-9m-Steel,W-082,560075,KSPDB-D-020202-P-a3d9d2
P-610f1b,13.015678,77.600771,F-02-02,D-020202,,,LT-9m-Steel,W-027,560068,
P-499454,13.015748,77.600923,F-02-02,D-020202,,,LT-8m-Steel,W-047,560038,KSPDB-D-020202-P-499454
P-ca0740,13.015767,77.60111,F-02-02,D-020202,,,LT-8m-Steel,W-043,560089,KSPDB-D-020202-P-ca0740
P-8b5529,13.015824,77.601296,F-02-02,D-020202,,,LT-9m-Steel,W-061,560056,KSPDB-D-020202-P-8b5529
P-02495d,13.01581,77.601469,F-02-02,D-020202,,,LT-9m-Steel,W-058,560094,KSPDB-D-020202-P-02495d
P-85ad02,13.015857,77.601628,F-02-02,D-020202,,,LT-9m-PCC,W-001,560091,KSPDB-D-020202-P-85ad02
P-ebb037,13.015984,77.600725,F-02-02,D-020202,,,LT-8m-Steel,W-071,560099,KSPDB-D-020202-P-ebb037
P-379b5f,13.015982,77.600974,F-02-02,D-020202,,,LT-9m-PCC,W-006,560073,KSPDB-D-020202-P-379b5f
P-c6182a,13.016011,77.601214,F-02-02,D-020202,,,LT-9m-PCC,W-106,560062,KSPDB-D-020202-P-c6182a
P-2d1777,13.016308,77.600781,F-02-02,D-020202,,,LT-9m-PCC,W-033,560034,KSPDB-D-020202-P-2d1777
P-167a6f,13.016589,77.600826,F-02-02,D-020202,,,LT-9m-PCC,W-120,560037,KSPDB-D-020202-P-167a6f
P-f11785,13.01687,77.600949,F-02-02,D-020202,,,LT-8m-Steel,W-106,560053,KSPDB-D-020202-P-f11785
P-807783,13.0172,77.601078,F-02-02,D-020202,,,LT-9m-PCC,W-097,560091,KSPDB-D-020202-P-807783
P-e4d5ec,13.017533,77.60113,F-02-02,D-020202,,,LT-9m-Steel,W-076,560067,KSPDB-D-020202-P-e4d5ec
P-bc5781,13.017889,77.601175,F-02-02,D-020202,,,LT-8m-Steel,W-085,560074,KSPDB-D-020202-P-bc5781
P-d80061,13.018202,77.601282,F-02-02,D-020202,,,LT-9m-PCC,W-064,,KSPDB-D-020202-P-d80061
P-c0dc4d,13.018569,77.601341,F-02-02,D-020202,,,LT-9m-Steel,W-007,560065,KSPDB-D-020202-P-c0dc4d
P-822aac,13.009015,77.604521,F-02-02,D-020203,,,LT-9m-Steel,W-062,560032,KSPDB-D-020203-P-822aac
P-202b4a,13.009293,77.604473,F-02-02,D-020203,,,LT-9m-Steel,W-075,560026,KSPDB-D-020203-P-202b4a
P-6e507f,13.009525,77.604405,F-02-02,D-020203,,,LT-9m-PCC,W-050,560087,KSPDB-D-020203-P-6e507f
P-20e64b,13.009806,77.604306,F-02-02,D-020203,,,LT-8m-Steel,W-065,560063,KSPDB-D-020203-P-20e64b
P-873e10,13.009663,77.604398,F-02-02,D-020203,,,LT-9m-Steel,W-118,560041,KSPDB-D-020203-P-873e10
P-abea1d,13.009512,77.604422,F-02-02,D-020203,,,LT-8m-Steel,W-051,560047,KSPDB-D-020203-P-abea1d
P-7a450a,13.009415,77.604478,F-02-02,D-020203,,,LT-8m-Steel,W-104,560062,
P-6bfdae,13.009332,77.604526,F-02-02,D-020203,,,LT-9m-Steel,W-090,560075,KSPDB-D-020203-P-6bfdae
P-b8973d,13.010133,77.604274,F-02-02,D-020203,,,LT-8m-Steel,W-108,560050,KSPDB-D-020203-P-b8973d
P-26990c,13.010056,77.604532,F-02-02,D-020203,,,LT-9m-Steel,W-095,560090,KSPDB-D-020203-P-26990c
P-47661b,13.009923,77.604754,F-02-02,D-020203,,,LT-9m-PCC,W-026,560047,KSPDB-D-020203-P-47661b
P-7708f0,13.009857,77.604916,F-02-02,D-020203,,,LT-9m-Steel,W-045,560026,KSPDB-D-020203-P-7708f0
P-8d8dbd,13.009716,77.605156,F-02-02,D-020203,,,LT-9m-Steel,W-084,560032,KSPDB-D-020203-P-8d8dbd
P-a9f9c6,13.009606,77.605355,F-02-02,D-020203,,,LT-9m-Steel,W-070,560051,KSPDB-D-020203-P-a9f9c6
P-f18f04,13.010416,77.604206,F-02-02,D-020203,,,LT-9m-Steel,W-015,560081,KSPDB-D-020203-P-f18f04
P-a60058,13.01074,77.604113,F-02-02,D-020203,,,LT-8m-Steel,W-075,560095,KSPDB-D-020203-P-a60058
P-a010e6,13.011024,77.604037,F-02-02,D-020203,,,LT-9m-Steel,W-054,560078,KSPDB-D-020203-P-a010e6
P-894ede,13.011315,77.603931,F-02-02,D-020203,,,LT-8m-Steel,W-113,560011,KSPDB-D-020203-P-894ede
P-874b2e,13.011321,77.603827,F-02-02,D-020203,,,LT-9m-Steel,W-014,,KSPDB-D-020203-P-874b2e
P-7f2ebf,13.011295,77.603742,F-02-02,D-020203,,,LT-9m-PCC,W-007,560035,KSPDB-D-020203-P-7f2ebf
P-2d9fd4,13.011347,77.603641,F-02-02,D-020203,,,LT-8m-Steel,W-097,560046,KSPDB-D-020203-P-2d9fd4
P-5f3a02,13.011635,77.603851,F-02-02,D-020203,,,LT-9m-Steel,W-033,560017,KSPDB-D-020203-P-5f3a02
P-66eeae,13.011596,77.604087,F-02-02,D-020203,,,LT-9m-Steel,W-101,560079,KSPDB-D-020203-P-66eeae
P-00cf2c,13.011582,77.604402,F-02-02,D-020203,,,LT-9m-PCC,W-046,560023,KSPDB-D-020203-P-00cf2c
P-d46e88,13.011893,77.603755,F-02-02,D-020203,,,LT-9m-Steel,W-112,560081,KSPDB-D-020203-P-d46e88
P-754599,13.01171,77.603637,F-02-02,D-020203,,,LT-9m-PCC,W-096,560059,KSPDB-D-020203-P-754599
P-ba031c,13.011584,77.603463,F-02-02,D-020203,,,LT-9m-PCC,W-066,560099,KSPDB-D-020203-P-ba031c
P-9dbf79,13.011423,77.603294,F-02-02,D-020203,,,LT-8m-Steel,W-089,560058,KSPDB-D-020203-P-9dbf79
P-d9db86,13.011327,77.603185,F-02-02,D-020203,,,LT-8m-Steel,W-054,560097,KSPDB-D-020203-P-d9db86
P-aed0f6,13.011153,77.603044,F-02-02,D-020203,,,LT-8m-Steel,W-071,560042,KSPDB-D-020203-P-aed0f6
P-733b3c,13.012166,77.603727,F-02-02,D-020203,,,LT-9m-PCC,W-080,560066,KSPDB-D-020203-P-733b3c
P-513687,13.012403,77.603688,F-02-02,D-020203,,,LT-9m-PCC,W-117,560092,KSPDB-D-020203-P-513687
P-e2f32f,13.012634,77.603598,F-02-02,D-020203,,,LT-8m-Steel,W-097,560087,KSPDB-D-020203-P-e2f32f
P-34670c,13.012933,77.603516,F-02-02,D-020203,,,LT-9m-PCC,W-100,560034,KSPDB-D-020203-P-34670c
P-e58c4c,13.0132,77.603427,F-02-02,D-020203,,,LT-8m-Steel,W-058,560097,KSPDB-D-020203-P-e58c4c
P-74b975,13.013484,77.603309,F-02-02,D-020203,,,LT-9m-PCC,W-024,560075,KSPDB-D-020203-P-74b975
P-69e69b,13.013741,77.603185,F-02-02,D-020203,,,LT-9m-PCC,W-049,560045,KSPDB-D-020203-P-69e69b
P-d354f9,13.014013,77.603107,F-02-02,D-020203,,,LT-9m-Steel,W-034,560084,KSPDB-D-020203-P-d354f9
P-13ac6c,13.014251,77.603062,F-02-02,D-020203,,,LT-8m-Steel,W-001,560029,KSPDB-D-020203-P-13ac6c
P-cb3757,13.014532,77.602992,F-02-02,D-020203,,,LT-9m-PCC,W-020,560086,KSPDB-D-020203-P-cb3757
P-a60a25,13.014837,77.602874,F-02-02,D-020203,,,LT-9m-PCC,W-100,560088,KSPDB-D-020203-P-a60a25
P-b654eb,13.015113,77.602833,F-02-02,D-020203,,,LT-9m-Steel,W-039,560083,KSPDB-D-020203-P-b654eb
P-f62f92,13.015424,77.602756,F-02-02,D-020203,,,LT-9m-Steel,W-046,560050,KSPDB-D-020203-P-f62f92
P-30ef4d,13.01568,77.602641,F-02-02,D-020203,,,LT-9m-Steel,W-029,560076,KSPDB-D-020203-P-30ef4d
P-b7aa5f,13.016002,77.602533,F-02-02,D-020203,,,LT-9m-PCC,W-101,560063,KSPDB-D-020203-P-b7aa5f
P-83fb8a,13.016325,77.602455,F-02-02,D-020203,,,LT-9m-Steel,W-069,560054,KSPDB-D-020203-P-83fb8a
P-f380a3,13.016579,77.602332,F-02-02,D-020203,,,LT-9m-PCC,W-114,560052,KSPDB-D-020203-P-f380a3
P-c5f204,13.016823,77.6023,F-02-02,D-020203,,,LT-8m-Steel,W-047,560089,KSPDB-D-020203-P-c5f204
P-4f6621,13.017075,77.602234,F-02-02,D-020203,,,LT-9m-Steel,W-061,560093,KSPDB-D-020203-P-4f6621
P-169c27,13.017364,77.602112,F-02-02,D-020203,,,LT-9m-PCC,W-015,560067,KSPDB-D-020203-P-169c27
P-b4ad35,13.017655,77.602042,F-02-02,D-020203,,,LT-9m-PCC,W-116,560089,KSPDB-D-020203-P-b4ad35
P-7eb504,13.017939,77.601928,F-02-02,D-020203,,,LT-9m-PCC,W-006,560051,KSPDB-D-020203-P-7eb504
P-df3b7c,13.018229,77.601891,F-02-02,D-020203,,,LT-8m-Steel,W-118,560024,KSPDB-D-020203-P-df3b7c
P-05c112,13.018488,77.601856,F-02-02,D-020203,,,LT-8m-Steel,W-033,560046,KSPDB-D-020203-P-05c112
P-525e3b,13.018716,77.601815,F-02-02,D-020203,,,LT-9m-PCC,W-117,560057,KSPDB-D-020203-P-525e3b
P-1e1197,13.018948,77.601783,F-02-02,D-020203,,,LT-9m-Steel,W-103,560072,
P-9b0ee1,13.019253,77.601679,F-02-02,D-020203,,,LT-9m-PCC,W-038,560034,KSPDB-D-020203-P-9b0ee1
P-6ae529,13.019499,77.601607,F-02-02,D-020203,,,LT-8m-Steel,W-066,560022,KSPDB-D-020203-P-6ae529
P-638795,13.019788,77.601479,F-02-02,D-020203,,,LT-9m-PCC,W-099,560010,
P-0b660c,13.020105,77.601404,F-02-02,D-020203,,,LT-9m-Steel,W-009,560090,KSPDB-D-020203-P-0b660c
P-454508,13.020396,77.601304,F-02-02,D-020203,,,LT-9m-PCC,W-111,560023,KSPDB-D-020203-P-454508
P-acbe5a,13.020645,77.601257,F-02-02,D-020203,,,LT-9m-PCC,W-069,560065,
P-cab692,13.020912,77.601173,F-02-02,D-020203,,,LT-9m-Steel,W-105,560097,KSPDB-D-020203-P-cab692
P-459f9d,13.021208,77.601057,F-02-02,D-020203,,,LT-9m-PCC,W-004,560052,KSPDB-D-020203-P-459f9d
P-655d41,13.021475,77.600974,F-02-02,D-020203,,,LT-9m-PCC,W-012,560032,KSPDB-D-020203-P-655d41
P-bdd434,13.021735,77.600857,F-02-02,D-020203,,,LT-8m-Steel,W-072,560039,KSPDB-D-020203-P-bdd434
P-c18ac1,13.022049,77.600759,F-02-02,D-020203,,,LT-8m-Steel,W-053,560090,KSPDB-D-020203-P-c18ac1
P-86157e,13.022376,77.600664,F-02-02,D-020203,,,LT-8m-Steel,W-056,560059,KSPDB-D-020203-P-86157e
P-6a834f,13.022642,77.600612,F-02-02,D-020203,,,LT-9m-Steel,W-016,560092,KSPDB-D-020203-P-6a834f
P-071f12,13.02292,77.600491,F-02-02,D-020203,,,LT-9m-Steel,W-080,560084,KSPDB-D-020203-P-071f12
P-770e45,13.023169,77.600372,F-02-02,D-020203,,,LT-9m-PCC,W-090,560055,KSPDB-D-020203-P-770e45
P-9eba60,13.013115,77.585588,F-02-03,D-020301,1,,LT-9m-Steel,W-014,560097,KSPDB-D-020301-P-9eba60
P-57023c,13.013393,77.585498,F-02-03,D-020301,2,P-9eba60,LT-8m-Steel,W-078,560066,KSPDB-D-020301-P-57023c
P-030429,13.0137,77.585437,F-02-03,D-020301,3,P-57023c,LT-8m-Steel,W-051,560013,KSPDB-D-020301-P-030429
P-cd1f2d,13.013954,77.585337,F-02-03,D-020301,4,P-030429,LT-8m-Steel,W-021,560027,KSPDB-D-020301-P-cd1f2d
P-506d4f,13.014205,77.585252,F-02-03,D-020301,5,P-cd1f2d,LT-9m-Steel,W-051,560079,KSPDB-D-020301-P-506d4f
P-7ab24c,13.014412,77.585172,F-02-03,D-020301,6,P-506d4f,LT-8m-Steel,W-082,560096,KSPDB-D-020301-P-7ab24c
P-32fd55,13.014703,77.585133,F-02-03,D-020301,7,P-7ab24c,LT-9m-Steel,W-083,560011,KSPDB-D-020301-P-32fd55
P-f6ef76,13.014907,77.585034,F-02-03,D-020301,8,P-32fd55,LT-9m-Steel,W-112,560025,KSPDB-D-020301-P-f6ef76
P-2cdd01,13.015052,77.585208,F-02-03,D-020301,9,P-f6ef76,LT-9m-PCC,W-001,560060,KSPDB-D-020301-P-2cdd01
P-369bdc,13.015218,77.585361,F-02-03,D-020301,10,P-2cdd01,LT-9m-Steel,W-071,560049,KSPDB-D-020301-P-369bdc
P-790d21,13.015383,77.585501,F-02-03,D-020301,11,P-369bdc,LT-9m-PCC,W-096,560054,KSPDB-D-020301-P-790d21
P-966154,13.015543,77.585713,F-02-03,D-020301,12,P-790d21,LT-9m-PCC,W-053,560075,KSPDB-D-020301-P-966154
P-829c01,13.015138,77.585028,F-02-03,D-020301,13,P-f6ef76,LT-9m-PCC,W-021,560088,
P-bdd440,13.015353,77.585021,F-02-03,D-020301,14,P-829c01,LT-8m-Steel,W-025,560095,KSPDB-D-020301-P-bdd440
P-431013,13.015639,77.584947,F-02-03,D-020301,15,P-bdd440,LT-9m-Steel,W-110,560080,KSPDB-D-020301-P-431013
P-e28a05,13.015921,77.584858,F-02-03,D-020301,16,P-431013,LT-8m-Steel,W-083,560047,KSPDB-D-020301-P-e28a05
P-792e68,13.016176,77.584753,F-02-03,D-020301,17,P-e28a05,LT-9m-Steel,W-009,560035,KSPDB-D-020301-P-792e68
P-fead22,13.016352,77.584807,F-02-03,D-020301,18,P-792e68,LT-9m-Steel,W-075,560052,KSPDB-D-020301-P-fead22
P-667007,13.016527,77.584866,F-02-03,D-020301,19,P-fead22,LT-8m-Steel,W-017,560040,KSPDB-D-020301-P-667007
P-a08a2c,13.01672,77.584869,F-02-03,D-020301,20,P-667007,LT-9m-PCC,W-037,560034,KSPDB-D-020301-P-a08a2c
P-eaaec0,13.016945,77.584918,F-02-03,D-020301,21,P-a08a2c,LT-8m-Steel,W-063,560088,KSPDB-D-020301-P-eaaec0
P-0a0fd1,13.016441,77.584696,F-02-03,D-020301,22,P-792e68,LT-9m-Steel,W-040,560029,KSPDB-D-020301-P-0a0fd1
P-b0b0f0,13.016694,77.584645,F-02-03,D-020301,23,P-0a0fd1,LT-9m-Steel,W-073,560050,KSPDB-D-020301-P-b0b0f0
P-32a886,13.016899,77.58457,F-02-03,D-020301,24,P-b0b0f0,LT-8m-Steel,W-022,,KSPDB-D-020301-P-32a886
P-03808e,13.016981,77.584798,F-02-03,D-020301,25,P-32a886,LT-9m-PCC,W-101,560092,KSPDB-D-020301-P-03808e
P-56b0fb,13.01699,77.585003,F-02-03,D-020301,26,P-03808e,LT-8m-Steel,W-036,560027,KSPDB-D-020301-P-56b0fb
P-2d7c13,13.017097,77.58524,F-02-03,D-020301,27,P-56b0fb,LT-9m-Steel,W-094,560071,KSPDB-D-020301-P-2d7c13
P-2d49ff,13.017185,77.585456,F-02-03,D-020301,28,P-2d7c13,LT-8m-Steel,W-058,560049,KSPDB-D-020301-P-2d49ff
P-0c146a,13.017267,77.585673,F-02-03,D-020301,29,P-2d49ff,LT-8m-Steel,W-071,560092,KSPDB-D-020301-P-0c146a
P-2cbc26,13.017119,77.584527,F-02-03,D-020301,30,P-32a886,LT-9m-Steel,W-011,560027,KSPDB-D-020301-P-2cbc26
P-266ee8,13.01741,77.584432,F-02-03,D-020301,31,P-2cbc26,LT-9m-Steel,W-026,560090,KSPDB-D-020301-P-266ee8
P-cc40ea,13.017615,77.584422,F-02-03,D-020301,32,P-266ee8,LT-9m-PCC,W-094,560012,KSPDB-D-020301-P-cc40ea
P-cafa4b,13.017565,77.584334,F-02-03,D-020301,33,P-cc40ea,LT-9m-Steel,W-081,560084,KSPDB-D-020301-P-cafa4b
P-7c7863,13.017524,77.584289,F-02-03,D-020301,34,P-cafa4b,LT-9m-Steel,W-052,560037,KSPDB-D-020301-P-7c7863
P-0bc1a9,13.017867,77.584401,F-02-03,D-020301,35,P-cc40ea,LT-9m-PCC,W-071,560079,KSPDB-D-020301-P-0bc1a9
P-a29e30,13.018144,77.584346,F-02-03,D-020301,36,P-0bc1a9,LT-8m-Steel,W-084,560056,KSPDB-D-020301-P-a29e30
P-f4dff5,13.018451,77.584286,F-02-03,D-020301,37,P-a29e30,LT-8m-Steel,W-029,560085,
P-2e7e86,13.018754,77.584225,F-02-03,D-020301,38,P-f4dff5,LT-9m-Steel,W-110,560069,KSPDB-D-020301-P-2e7e86
P-383376,13.019014,77.584186,F-02-03,D-020301,39,P-2e7e86,LT-9m-Steel,W-066,560056,KSPDB-D-020301-P-383376
P-d53839,13.019288,77.584161,F-02-03,D-020301,40,P-383376,LT-9m-Steel,W-002,560088,KSPDB-D-020301-P-d53839
P-9d9687,13.019541,77.584151,F-02-03,D-020301,41,P-d53839,LT-9m-Steel,W-022,560027,KSPDB-D-020301-P-9d9687
P-d0ecf0,13.019775,77.58414,F-02-03,D-020301,42,P-9d9687,LT-8m-Steel,W-021,560082,KSPDB-D-020301-P-d0ecf0
P-5ea52c,13.020058,77.584105,F-02-03,D-020301,43,P-d0ecf0,LT-9m-Steel,W-112,560071,KSPDB-D-020301-P-5ea52c
P-864d99,13.020312,77.584045,F-02-03,D-020301,44,P-5ea52c,LT-8m-Steel,W-006,560072,KSPDB-D-020301-P-864d99
P-2c1780,13.020612,77.584011,F-02-03,D-020301,45,P-864d99,LT-9m-PCC,W-009,560039,KSPDB-D-020301-P-2c1780
P-d934c0,13.020875,77.583958,F-02-03,D-020301,46,P-2c1780,LT-9m-PCC,W-086,560056,KSPDB-D-020301-P-d934c0
P-c566c4,13.021119,77.583885,F-02-03,D-020301,47,P-d934c0,LT-8m-Steel,W-061,560015,KSPDB-D-020301-P-c566c4
P-2c59fb,13.021336,77.583779,F-02-03,D-020301,48,P-c566c4,LT-9m-PCC,W-084,560076,KSPDB-D-020301-P-2c59fb
P-a546e4,13.021547,77.583767,F-02-03,D-020301,49,P-2c59fb,LT-9m-Steel,W-107,560043,KSPDB-D-020301-P-a546e4
P-f1d445,13.021828,77.583679,F-02-03,D-020301,50,P-a546e4,LT-9m-Steel,W-070,560058,KSPDB-D-020301-P-f1d445
P-423a00,13.022059,77.583629,F-02-03,D-020301,51,P-f1d445,LT-9m-Steel,W-049,560093,KSPDB-D-020301-P-423a00
P-a8963a,13.022273,77.583597,F-02-03,D-020301,52,P-423a00,LT-9m-PCC,W-067,560038,KSPDB-D-020301-P-a8963a
P-8bb75e,13.022481,77.583582,F-02-03,D-020301,53,P-a8963a,LT-9m-Steel,W-052,560054,
P-26d5c2,13.022707,77.583482,F-02-03,D-020301,54,P-8bb75e,LT-8m-Steel,W-102,560087,KSPDB-D-020301-P-26d5c2
P-173f31,13.022959,77.583444,F-02-03,D-020301,55,P-26d5c2,LT-9m-PCC,W-065,560066,KSPDB-D-020301-P-173f31
P-3366a6,13.02331,77.583245,F-02-03,D-020301,56,P-173f31,LT-9m-PCC,W-030,560092,KSPDB-D-020301-P-3366a6
P-b44d6e,13.023642,77.583021,F-02-03,D-020301,57,P-3366a6,LT-8m-Steel,W-028,560030,KSPDB-D-020301-P-b44d6e
P-9351d8,13.023251,77.583338,F-02-03,D-020301,58,P-173f31,LT-8m-Steel,W-078,560025,KSPDB-D-020301-P-9351d8
P-b1c173,13.02355,77.583272,F-02-03,D-020301,59,P-9351d8,LT-9m-Steel,W-030,560052,KSPDB-D-020301-P-b1c173
P-cf2011,13.023841,77.583261,F-02-03,D-020301,60,P-b1c173,LT-9m-Steel,W-015,560071,KSPDB-D-020301-P-cf2011
P-5d5d2c,13.024047,77.583239,F-02-03,D-020301,61,P-cf2011,LT-8m-Steel,W-027,560092,KSPDB-D-020301-P-5d5d2c
P-8c95f9,13.024332,77.583148,F-02-03,D-020301,62,P-5d5d2c,LT-8m-Steel,W-003,560026,KSPDB-D-020301-P-8c95f9
P-f79760,13.024613,77.58313,F-02-03,D-020301,63,P-8c95f9,LT-9m-Steel,W-076,560090,KSPDB-D-020301-P-f79760
P-04fdbc,13.024846,77.583024,F-02-03,D-020301,64,P-f79760,LT-9m-Steel,W-006,560028,KSPDB-D-020301-P-04fdbc
P-96410e,13.021904,77.609558,F-02-03,D-020302,,,LT-9m-PCC,W-022,560033,KSPDB-D-020302-P-96410e
P-d7d5c3,13.02175,77.609868,F-02-03,D-020302,,,LT-9m-Steel,W-052,560082,KSPDB-D-020302-P-d7d5c3
P-c7b7b4,13.021935,77.60992,F-02-03,D-020302,,,LT-9m-Steel,W-003,560094,KSPDB-D-020302-P-c7b7b4
P-4d49a5,13.022079,77.610003,F-02-03,D-020302,,,LT-8m-Steel,W-011,560087,KSPDB-D-020302-P-4d49a5
P-5113ff,13.02226,77.610074,F-02-03,D-020302,,,LT-8m-Steel,W-112,560038,KSPDB-D-020302-P-5113ff
P-73013d,13.021611,77.610225,F-02-03,D-020302,,,LT-8m-Steel,W-077,560084,KSPDB-D-020302-P-73013d
P-72617a,13.021452,77.610549,F-02-03,D-020302,,,LT-9m-PCC,W-080,560043,
P-5169f3,13.021259,77.610942,F-02-03,D-020302,,,LT-9m-PCC,W-093,560068,KSPDB-D-020302-P-5169f3
P-bf6747,13.021154,77.611232,F-02-03,D-020302,,,LT-9m-Steel,W-076,560058,KSPDB-D-020302-P-bf6747
P-cbda3e,13.020998,77.61155,F-02-03,D-020302,,,LT-8m-Steel,W-017,560035,KSPDB-D-020302-P-cbda3e
P-3f9198,13.020856,77.6119,F-02-03,D-020302,,,LT-9m-Steel,W-111,560097,KSPDB-D-020302-P-3f9198
P-4441d2,13.02069,77.612215,F-02-03,D-020302,,,LT-8m-Steel,W-106,560022,KSPDB-D-020302-P-4441d2
P-6f4191,13.020536,77.612522,F-02-03,D-020302,,,LT-9m-PCC,W-061,560086,KSPDB-D-020302-P-6f4191
P-6a5064,13.020429,77.612905,F-02-03,D-020302,,,LT-9m-PCC,W-113,560074,KSPDB-D-020302-P-6a5064
P-9614cd,13.020298,77.613262,F-02-03,D-020302,,,LT-9m-PCC,W-012,560026,
P-d757d2,13.020134,77.613575,F-02-03,D-020302,,,LT-9m-Steel,W-070,560096,KSPDB-D-020302-P-d757d2
P-60dca5,13.019981,77.613912,F-02-03,D-020302,,,LT-9m-Steel,W-056,560057,KSPDB-D-020302-P-60dca5
P-e4fa50,13.019817,77.614276,F-02-03,D-020302,,,LT-9m-PCC,W-090,560039,KSPDB-D-020302-P-e4fa50
P-3aa818,13.019693,77.61465,F-02-03,D-020302,,,LT-8m-Steel,W-102,560054,KSPDB-D-020302-P-3aa818
P-f80a26,13.019569,77.615011,F-02-03,D-020302,,,LT-9m-Steel,W-103,560099,
P-ff071a,13.019449,77.615356,F-02-03,D-020302,,,LT-9m-Steel,W-013,560042,KSPDB-D-020302-P-ff071a
P-d1e25a,13.019283,77.615743,F-02-03,D-020302,,,LT-8m-Steel,W-099,560020,KSPDB-D-020302-P-d1e25a
P-6ca2df,13.019569,77.615499,F-02-03,D-020302,,,LT-8m-Steel,W-077,560062,KSPDB-D-020302-P-6ca2df
P-8551fd,13.019889,77.615284,F-02-03,D-020302,,,LT-8m-Steel,W-025,,KSPDB-D-020302-P-8551fd
P-a156d7,13.02019,77.615099,F-02-03,D-020302,,,LT-9m-Steel,W-102,,KSPDB-D-020302-P-a156d7
P-1e4a78,13.02047,77.614932,F-02-03,D-020302,,,LT-9m-Steel,W-016,560058,KSPDB-D-020302-P-1e4a78
P-b382d0,13.020747,77.614677,F-02-03,D-020302,,,LT-9m-Steel,W-027,560050,KSPDB-D-020302-P-b382d0
P-dde98c,13.02099,77.614459,F-02-03,D-020302,,,LT-8m-Steel,W-047,560064,KSPDB-D-020302-P-dde98c
P-f61b63,13.019139,77.616091,F-02-03,D-020302,,,LT-9m-Steel,W-075,560078,
P-7b82c0,13.018968,77.616383,F-02-03,D-020302,,,LT-8m-Steel,W-073,560045,KSPDB-D-020302-P-7b82c0
P-217939,13.018765,77.616696,F-02-03,D-020302,,,LT-9m-Steel,W-051,560062,KSPDB-D-020302-P-217939
P-6ad5d5,13.018708,77.616436,F-02-03,D-020302,,,LT-9m-Steel,W-101,560032,KSPDB-D-020302-P-6ad5d5
P-d9d680,13.018554,77.616176,F-02-03,D-020302,,,LT-8m-Steel,W-072,560042,KSPDB-D-020302-P-d9d680
P-3fdf34,13.018396,77.615862,F-02-03,D-020302,,,LT-8m-Steel,W-074,560060,
P-49d673,13.018316,77.615584,F-02-03,D-020302,,,LT-9m-Steel,W-018,560094,KSPDB-D-020302-P-49d673
P-1c1c69,13.018257,77.615294,F-02-03,D-020302,,,LT-9m-PCC,W-096,560099,KSPDB-D-020302-P-1c1c69
P-e52886,13.018606,77.61709,F-02-03,D-020302,,,LT-9m-PCC,W-013,560061,KSPDB-D-020302-P-e52886
P-649f22,13.018494,77.617475,F-02-03,D-020302,,,LT-8m-Steel,W-103,560099,KSPDB-D-020302-P-649f22
P-f34102,13.018363,77.617835,F-02-03,D-020302,,,LT-9m-Steel,W-091,560059,KSPDB-D-020302-P-f34102
P-ea9197,13.018228,77.618161,F-02-03,D-020302,,,LT-9m-Steel,W-001,560028,KSPDB-D-020302-P-ea9197
P-958a88,13.018081,77.618506,F-02-03,D-020302,,,LT-8m-Steel,W-119,560021,KSPDB-D-020302-P-958a88
P-450514,13.017901,77.618797,F-02-03,D-020302,,,LT-9m-PCC,W-034,560020,KSPDB-D-020302-P-450514
P-fb5d82,13.017867,77.618937,F-02-03,D-020302,,,LT-9m-Steel,W-005,560061,
P-1c8045,13.017813,77.619087,F-02-03,D-020302,,,LT-9m-Steel,W-084,560086,KSPDB-D-020302-P-1c8045
P-bf25d2,13.017751,77.619207,F-02-03,D-020302,,,LT-9m-PCC,W-100,560091,KSPDB-D-020302-P-bf25d2
P-5af91f,13.017764,77.619388,F-02-03,D-020302,,,LT-8m-Steel,W-057,,KSPDB-D-020302-P-5af91f
P-2b294d,13.017701,77.619156,F-02-03,D-020302,,,LT-9m-Steel,W-120,560046,KSPDB-D-020302-P-2b294d
P-c66365,13.017596,77.619539,F-02-03,D-020302,,,LT-9m-PCC,W-005,560075,
P-9ced76,13.0174,77.619891,F-02-03,D-020302,,,LT-9m-Steel,W-090,560031,KSPDB-D-020302-P-9ced76
P-9b4d74,13.017267,77.620273,F-02-03,D-020302,,,LT-9m-Steel,W-005,560093,KSPDB-D-020302-P-9b4d74
P-91d544,13.017069,77.620609,F-02-03,D-020302,,,LT-9m-PCC,W-021,560045,KSPDB-D-020302-P-91d544
P-ef5d67,13.016944,77.62098,F-02-03,D-020302,,,LT-8m-Steel,W-046,560061,KSPDB-D-020302-P-ef5d67
P-ac9d91,13.016766,77.62128,F-02-03,D-020302,,,LT-9m-Steel,W-026,560018,KSPDB-D-020302-P-ac9d91
P-117dca,13.016609,77.621605,F-02-03,D-020302,,,LT-9m-PCC,W-071,560081,KSPDB-D-020302-P-117dca
P-4176a8,13.016785,77.621299,F-02-03,D-020302,,,LT-9m-Steel,W-045,560045,KSPDB-D-020302-P-4176a8
P-e8b262,13.01664,77.621651,F-02-03,D-020302,,,LT-9m-PCC,W-078,560068,
P-ffd3af,13.016514,77.621959,F-02-03,D-020302,,,LT-8m-Steel,W-074,,KSPDB-D-020302-P-ffd3af
P-29619b,13.020076,77.615906,F-02-03,D-020303,1,,LT-9m-PCC,W-053,560081,
P-c2d587,13.020273,77.615816,F-02-03,D-020303,2,P-29619b,LT-9m-PCC,W-065,560024,KSPDB-D-020303-P-c2d587
P-05d3bf,13.020495,77.615721,F-02-03,D-020303,3,P-c2d587,LT-9m-Steel,W-033,560083,KSPDB-D-020303-P-05d3bf
P-8139b5,13.020701,77.615643,F-02-03,D-020303,4,P-05d3bf,LT-8m-Steel,W-089,560058,KSPDB-D-020303-P-8139b5
P-3adf2f,13.020863,77.615489,F-02-03,D-020303,5,P-8139b5,LT-9m-Steel,W-062,560053,KSPDB-D-020303-P-3adf2f
P-f77c1d,13.021079,77.615407,F-02-03,D-020303,6,P-3adf2f,LT-8m-Steel,W-088,560085,KSPDB-D-020303-P-f77c1d
P-5010cf,13.021236,77.615303,F-02-03,D-020303,7,P-f77c1d,LT-9m-PCC,W-062,560018,KSPDB-D-020303-P-5010cf
P-3f4007,13.021412,77.615195,F-02-03,D-020303,8,P-5010cf,LT-8m-Steel,W-082,560038,
P-ce640d,13.021651,77.615035,F-02-03,D-020303,9,P-3f4007,LT-9m-Steel,W-090,560050,KSPDB-D-020303-P-ce640d
P-0a7251,13.021874,77.614914,F-02-03,D-020303,10,P-ce640d,LT-8m-Steel,W-046,560011,KSPDB-D-020303-P-0a7251
P-bab7ca,13.022113,77.61477,F-02-03,D-020303,11,P-0a7251,LT-9m-Steel,W-107,560046,KSPDB-D-020303-P-bab7ca
P-c6ab58,13.022262,77.614689,F-02-03,D-020303,12,P-bab7ca,LT-9m-PCC,W-052,560053,KSPDB-D-020303-P-c6ab58
P-2115ce,13.022422,77.614615,F-02-03,D-020303,13,P-c6ab58,LT-9m-PCC,W-071,560070,KSPDB-D-020303-P-2115ce
P-8e51c1,13.022595,77.614499,F-02-03,D-020303,14,P-2115ce,LT-8m-Steel,W-046,560083,KSPDB-D-020303-P-8e51c1
P-37f944,13.022839,77.614377,F-02-03,D-020303,15,P-8e51c1,LT-8m-Steel,W-024,560097,KSPDB-D-020303-P-37f944
P-360bfd,13.023027,77.614254,F-02-03,D-020303,16,P-37f944,LT-9m-PCC,W-064,560040,KSPDB-D-020303-P-360bfd
P-b77b0a,13.023202,77.614128,F-02-03,D-020303,17,P-360bfd,LT-9m-Steel,W-031,560036,KSPDB-D-020303-P-b77b0a
P-b01dcd,13.02336,77.614052,F-02-03,D-020303,18,P-b77b0a,LT-9m-PCC,W-026,560089,KSPDB-D-020303-P-b01dcd
P-7c2c74,13.023595,77.613969,F-02-03,D-020303,19,P-b01dcd,LT-8m-Steel,W-020,560025,KSPDB-D-020303-P-7c2c74
P-7817d6,13.023786,77.613848,F-02-03,D-020303,20,P-7c2c74,LT-9m-PCC,W-087,560073,KSPDB-D-020303-P-7817d6
P-653499,13.023949,77.613696,F-02-03,D-020303,21,P-7817d6,LT-9m-Steel,W-001,560079,KSPDB-D-020303-P-653499
P-99e774,13.024158,77.613561,F-02-03,D-020303,22,P-653499,LT-9m-PCC,W-109,560089,KSPDB-D-020303-P-99e774
P-4848e7,13.02434,77.613421,F-02-03,D-020303,23,P-99e774,LT-8m-Steel,W-064,560083,KSPDB-D-020303-P-4848e7
P-9a3018,13.02454,77.613311,F-02-03,D-020303,24,P-4848e7,LT-8m-Steel,W-063,560075,KSPDB-D-020303-P-9a3018
P-c94d78,13.024714,77.613218,F-02-03,D-020303,25,P-9a3018,LT-8m-Steel,W-051,560083,KSPDB-D-020303-P-c94d78
P-12246e,13.024929,77.61309,F-02-03,D-020303,26,P-c94d78,LT-9m-PCC,W-007,560064,KSPDB-D-020303-P-12246e
P-226a7e,13.02516,77.612928,F-02-03,D-020303,27,P-12246e,LT-8m-Steel,W-070,560054,KSPDB-D-020303-P-226a7e
P-1165ed,13.025359,77.612845,F-02-03,D-020303,28,P-226a7e,LT-8m-Steel,W-111,560032,KSPDB-D-020303-P-1165ed
P-6fcc76,13.025574,77.612672,F-02-03,D-020303,29,P-1165ed,LT-8m-Steel,W-016,560068,KSPDB-D-020303-P-6fcc76
P-e28040,13.025913,77.61278,F-02-03,D-020303,30,P-6fcc76,LT-8m-Steel,W-089,,KSPDB-D-020303-P-e28040
P-4bd7fc,13.026261,77.61287,F-02-03,D-020303,31,P-e28040,LT-9m-Steel,W-027,560022,KSPDB-D-020303-P-4bd7fc
P-94414c,13.025796,77.612493,F-02-03,D-020303,32,P-6fcc76,LT-8m-Steel,W-047,560043,KSPDB-D-020303-P-94414c
P-37f846,13.025983,77.612379,F-02-03,D-020303,33,P-94414c,LT-9m-PCC,W-071,560044,KSPDB-D-020303-P-37f846
P-ff94ff,13.026195,77.61225,F-02-03,D-020303,34,P-37f846,LT-8m-Steel,W-079,560033,KSPDB-D-020303-P-ff94ff
P-34fc12,13.026343,77.612129,F-02-03,D-020303,35,P-ff94ff,LT-8m-Steel,W-055,560099,KSPDB-D-020303-P-34fc12
P-6ecdaf,13.026476,77.612154,F-02-03,D-020303,36,P-34fc12,LT-8m-Steel,W-047,560045,KSPDB-D-020303-P-6ecdaf
P-8a2268,13.026653,77.612172,F-02-03,D-020303,37,P-6ecdaf,LT-8m-Steel,W-024,560083,KSPDB-D-020303-P-8a2268
P-e67399,13.026854,77.612163,F-02-03,D-020303,38,P-8a2268,LT-9m-Steel,W-030,560044,KSPDB-D-020303-P-e67399
P-3080ca,13.027054,77.612191,F-02-03,D-020303,39,P-e67399,LT-9m-PCC,W-072,560058,KSPDB-D-020303-P-3080ca
P-0e6ff6,13.027182,77.612228,F-02-03,D-020303,40,P-3080ca,LT-9m-PCC,W-019,560029,KSPDB-D-020303-P-0e6ff6
P-bd642b,13.027312,77.612238,F-02-03,D-020303,41,P-0e6ff6,LT-8m-Steel,W-104,,KSPDB-D-020303-P-bd642b
P-042264,13.026574,77.611958,F-02-03,D-020303,42,P-34fc12,LT-8m-Steel,W-064,560090,KSPDB-D-020303-P-042264
P-c4aa1b,13.02677,77.611804,F-02-03,D-020303,43,P-042264,LT-9m-Steel,W-069,560072,KSPDB-D-020303-P-c4aa1b
P-28eee6,13.026949,77.611711,F-02-03,D-020303,44,P-c4aa1b,LT-8m-Steel,W-033,560082,KSPDB-D-020303-P-28eee6
P-b272ae,13.02667,77.61158,F-02-03,D-020303,45,P-28eee6,LT-9m-PCC,W-051,560030,KSPDB-D-020303-P-b272ae
P-04406e,13.026334,77.611461,F-02-03,D-020303,46,P-b272ae,LT-9m-PCC,W-028,560070,KSPDB-D-020303-P-04406e
P-6e3c77,13.027149,77.611577,F-02-03,D-020303,47,P-28eee6,LT-9m-Steel,W-013,560052,KSPDB-D-020303-P-6e3c77
P-682ba0,13.027356,77.611488,F-02-03,D-020303,48,P-6e3c77,LT-8m-Steel,W-047,560081,
P-d6413c,13.027692,77.611319,F-02-03,D-020303,49,P-682ba0,LT-8m-Steel,W-045,,KSPDB-D-020303-P-d6413c
P-9ce54d,13.027992,77.611106,F-02-03,D-020303,50,P-d6413c,LT-9m-PCC,W-045,560087,KSPDB-D-020303-P-9ce54d
P-8b1002,13.02833,77.610936,F-02-03,D-020303,51,P-9ce54d,LT-9m-PCC,W-074,560093,KSPDB-D-020303-P-8b1002
P-916dba,13.0286,77.610752,F-02-03,D-020303,52,P-8b1002,LT-9m-Steel,W-023,560046,KSPDB-D-020303-P-916dba
P-faa15b,13.02891,77.610529,F-02-03,D-020303,53,P-916dba,LT-8m-Steel,W-042,560072,KSPDB-D-020303-P-faa15b
P-9926a1,13.029241,77.610289,F-02-03,D-020303,54,P-faa15b,LT-9m-Steel,W-058,560058,KSPDB-D-020303-P-9926a1
P-554ad6,13.027525,77.611324,F-02-03,D-020303,55,P-682ba0,LT-9m-Steel,W-037,560028,KSPDB-D-020303-P-554ad6
